use dwh_main;

-- INSERT INTO dim_departments
INSERT INTO dim_departments (department_id, department_name) VALUES (1, 'HR');
INSERT INTO dim_departments (department_id, department_name) VALUES (2, 'Finance');
INSERT INTO dim_departments (department_id, department_name) VALUES (3, 'Engineering');
INSERT INTO dim_departments (department_id, department_name) VALUES (4, 'Sales');
INSERT INTO dim_departments (department_id, department_name) VALUES (5, 'Marketing');

-- INSERT INTO dim_employees
INSERT INTO dim_employees (employee_id, employee_name, department_id, hire_date, salary) VALUES (1, 'Colleen Weiss', 2, '2023-09-24', 5776.0);
INSERT INTO dim_employees (employee_id, employee_name, department_id, hire_date, salary) VALUES (2, 'Annette Casey', 4, '2021-10-12', 5865.84);
INSERT INTO dim_employees (employee_id, employee_name, department_id, hire_date, salary) VALUES (3, 'Kelli Cunningham', 1, '2023-05-13', 7275.99);
INSERT INTO dim_employees (employee_id, employee_name, department_id, hire_date, salary) VALUES (4, 'Mark Robertson', 1, '2022-10-16', 4730.88);
INSERT INTO dim_employees (employee_id, employee_name, department_id, hire_date, salary) VALUES (5, 'Paul Ponce', 2, '2018-10-08', 3849.04);
INSERT INTO dim_employees (employee_id, employee_name, department_id, hire_date, salary) VALUES (6, 'Jordan Silva', 5, '2024-01-06', 4692.96);
INSERT INTO dim_employees (employee_id, employee_name, department_id, hire_date, salary) VALUES (7, 'Deanna Green', 2, '2023-08-06', 3187.03);
INSERT INTO dim_employees (employee_id, employee_name, department_id, hire_date, salary) VALUES (8, 'Susan Dean', 3, '2019-07-26', 7636.1);
INSERT INTO dim_employees (employee_id, employee_name, department_id, hire_date, salary) VALUES (9, 'Melissa Valentine', 2, '2024-03-24', 7168.33);
INSERT INTO dim_employees (employee_id, employee_name, department_id, hire_date, salary) VALUES (10, 'Nicole Lawrence', 5, '2015-09-28', 4003.56);
INSERT INTO dim_employees (employee_id, employee_name, department_id, hire_date, salary) VALUES (11, 'Benjamin Jefferson', 1, '2021-06-22', 6565.69);
INSERT INTO dim_employees (employee_id, employee_name, department_id, hire_date, salary) VALUES (12, 'Joseph Perry', 3, '2017-03-13', 7728.06);
INSERT INTO dim_employees (employee_id, employee_name, department_id, hire_date, salary) VALUES (13, 'Shannon Long', 3, '2020-07-29', 4392.44);
INSERT INTO dim_employees (employee_id, employee_name, department_id, hire_date, salary) VALUES (14, 'Beverly Lewis', 5, '2016-12-06', 5219.62);
INSERT INTO dim_employees (employee_id, employee_name, department_id, hire_date, salary) VALUES (15, 'Robert Sanders', 4, '2023-07-16', 3225.08);
INSERT INTO dim_employees (employee_id, employee_name, department_id, hire_date, salary) VALUES (16, 'Angela Perry', 5, '2016-01-31', 4637.63);
INSERT INTO dim_employees (employee_id, employee_name, department_id, hire_date, salary) VALUES (17, 'Brittany Mueller MD', 2, '2023-06-02', 7172.43);
INSERT INTO dim_employees (employee_id, employee_name, department_id, hire_date, salary) VALUES (18, 'Emily Gross', 5, '2023-09-13', 5359.82);
INSERT INTO dim_employees (employee_id, employee_name, department_id, hire_date, salary) VALUES (19, 'Dr. Sarah Robinson', 1, '2022-03-27', 5582.17);
INSERT INTO dim_employees (employee_id, employee_name, department_id, hire_date, salary) VALUES (20, 'Brett Ellis', 2, '2024-03-22', 4735.16);
INSERT INTO dim_employees (employee_id, employee_name, department_id, hire_date, salary) VALUES (21, 'Vincent Brown', 5, '2018-04-09', 3663.03);
INSERT INTO dim_employees (employee_id, employee_name, department_id, hire_date, salary) VALUES (22, 'Amy Blackwell', 1, '2023-08-07', 3408.24);
INSERT INTO dim_employees (employee_id, employee_name, department_id, hire_date, salary) VALUES (23, 'Wayne Garcia', 5, '2024-02-27', 5949.84);
INSERT INTO dim_employees (employee_id, employee_name, department_id, hire_date, salary) VALUES (24, 'Lisa Harris', 4, '2020-12-14', 6158.9);
INSERT INTO dim_employees (employee_id, employee_name, department_id, hire_date, salary) VALUES (25, 'Timothy Stewart', 4, '2018-06-04', 5020.76);
INSERT INTO dim_employees (employee_id, employee_name, department_id, hire_date, salary) VALUES (26, 'Logan Nichols', 5, '2018-06-30', 3838.39);
INSERT INTO dim_employees (employee_id, employee_name, department_id, hire_date, salary) VALUES (27, 'Angel Jones', 1, '2021-09-12', 6013.31);
INSERT INTO dim_employees (employee_id, employee_name, department_id, hire_date, salary) VALUES (28, 'Tiffany Stephens', 2, '2015-07-08', 6686.39);
INSERT INTO dim_employees (employee_id, employee_name, department_id, hire_date, salary) VALUES (29, 'Warren Ellis', 5, '2015-09-22', 5441.73);
INSERT INTO dim_employees (employee_id, employee_name, department_id, hire_date, salary) VALUES (30, 'Angela Hoffman', 1, '2018-11-04', 7142.56);

-- INSERT INTO dim_customers
INSERT INTO dim_customers (customer_id, customer_name, email, phone, address, created_date) VALUES (1, 'Andrew Parker', 'kdavis@example.com', '001-210-648-2703', '42885 Martha Summit, Sophiastad, NY 12395', '2025-04-04');
INSERT INTO dim_customers (customer_id, customer_name, email, phone, address, created_date) VALUES (2, 'Craig Smith', 'reedryan@example.com', '+1-211-872-1120x5127', '1209 Moore Shore, East Claire, MI 04653', '2024-04-09');
INSERT INTO dim_customers (customer_id, customer_name, email, phone, address, created_date) VALUES (3, 'Loretta Montes', 'ncampbell@example.com', '001-538-726-4079x919', '85141 Bryan Pines Suite 840, Patriciashire, WY 09496', '2023-09-27');
INSERT INTO dim_customers (customer_id, customer_name, email, phone, address, created_date) VALUES (4, 'Lori Taylor', 'qjohnson@example.org', '(386)460-8594x3137', 'Unit 1936 Box 9589, DPO AP 62357', '2024-06-04');
INSERT INTO dim_customers (customer_id, customer_name, email, phone, address, created_date) VALUES (5, 'Bridget Brown', 'vowens@example.com', '001-664-337-0260x24964', '861 Lopez View, New Scottfurt, OK 32107', '2024-04-15');
INSERT INTO dim_customers (customer_id, customer_name, email, phone, address, created_date) VALUES (6, 'Charlene Freeman', 'gallaghertina@example.net', '+1-252-246-5557x36960', '318 Thomas Common, Stephensport, ME 26921', '2024-09-26');
INSERT INTO dim_customers (customer_id, customer_name, email, phone, address, created_date) VALUES (7, 'Anthony Mclaughlin', 'hlittle@example.com', '799.801.3639', 'Unit 7141 Box 0927, DPO AP 64223', '2024-02-29');
INSERT INTO dim_customers (customer_id, customer_name, email, phone, address, created_date) VALUES (8, 'Rachel Stewart', 'lozanomichelle@example.net', '216.956.8956x3214', '976 Cynthia Estates, North Kiarahaven, HI 20588', '2024-11-21');
INSERT INTO dim_customers (customer_id, customer_name, email, phone, address, created_date) VALUES (9, 'Evelyn Rhodes', 'scott78@example.net', '728.785.1936x6029', '098 Evans Crossing, New Hannah, WI 42717', '2024-08-05');
INSERT INTO dim_customers (customer_id, customer_name, email, phone, address, created_date) VALUES (10, 'Christopher Browning', 'hannahwatkins@example.org', '430.720.9964x1323', '15859 Kaufman Extensions Apt. 956, Petermouth, MI 23185', '2023-08-08');
INSERT INTO dim_customers (customer_id, customer_name, email, phone, address, created_date) VALUES (11, 'John Fuller', 'riveradaniel@example.net', '001-952-648-8198', '589 Paul Pass Apt. 535, West Michael, AS 16044', '2024-08-07');
INSERT INTO dim_customers (customer_id, customer_name, email, phone, address, created_date) VALUES (12, 'Peter Stanley', 'michael90@example.org', '614.489.1375', '15876 Patterson Ramp Suite 322, West Ruben, GU 94161', '2025-01-31');
INSERT INTO dim_customers (customer_id, customer_name, email, phone, address, created_date) VALUES (13, 'Brent Johnson', 'kingvictoria@example.net', '533.546.9561', '715 Colleen Spur, Willieville, NJ 42300', '2025-05-14');
INSERT INTO dim_customers (customer_id, customer_name, email, phone, address, created_date) VALUES (14, 'John Herman', 'jsantiago@example.org', '+1-626-612-6643x30406', '647 Juan Trail, Taylorberg, OR 52818', '2024-03-15');
INSERT INTO dim_customers (customer_id, customer_name, email, phone, address, created_date) VALUES (15, 'Mary Allen', 'wskinner@example.net', '672.794.1161x98945', '7692 Emily Walk Apt. 544, Nathanbury, NM 54546', '2024-12-21');
INSERT INTO dim_customers (customer_id, customer_name, email, phone, address, created_date) VALUES (16, 'Charles Harvey', 'sandra27@example.com', '844-551-6291', '11461 Ruben Park, East Todd, NV 40652', '2025-06-20');
INSERT INTO dim_customers (customer_id, customer_name, email, phone, address, created_date) VALUES (17, 'Catherine Delgado', 'simschris@example.com', '746.763.4490x2737', '1421 Flores Neck, New John, TX 59896', '2024-07-17');
INSERT INTO dim_customers (customer_id, customer_name, email, phone, address, created_date) VALUES (18, 'Donald Jones', 'lopezdiana@example.net', '+1-270-839-7573x612', '54090 Samuel Loop, Adambury, AZ 79131', '2025-05-26');
INSERT INTO dim_customers (customer_id, customer_name, email, phone, address, created_date) VALUES (19, 'Laura Young', 'denniscrawford@example.org', '248.308.0367x520', '622 Ashley Port Apt. 833, Benderport, WA 20509', '2024-12-26');
INSERT INTO dim_customers (customer_id, customer_name, email, phone, address, created_date) VALUES (20, 'Lindsay Brady', 'hulldavid@example.com', '+1-630-808-6821x68887', '3576 Moran Tunnel Apt. 018, Robinsonhaven, LA 18912', '2025-02-16');
INSERT INTO dim_customers (customer_id, customer_name, email, phone, address, created_date) VALUES (21, 'Robert Lowe', 'michelle24@example.net', '778-762-0706x24129', 'Unit 9363 Box 4071, DPO AP 38232', '2025-04-28');
INSERT INTO dim_customers (customer_id, customer_name, email, phone, address, created_date) VALUES (22, 'Kevin Brown', 'jennifer50@example.org', '+1-815-295-7214x2098', '63320 Angel Fork Suite 113, Gregland, NH 23920', '2024-08-27');
INSERT INTO dim_customers (customer_id, customer_name, email, phone, address, created_date) VALUES (23, 'Stephen Franklin', 'david86@example.org', '(655)771-5172', '56779 Rodriguez Plaza Suite 929, Darinborough, WA 26112', '2024-12-03');
INSERT INTO dim_customers (customer_id, customer_name, email, phone, address, created_date) VALUES (24, 'Teresa Thomas', 'bakeralexander@example.net', '451.393.7066', '5614 James Estates, Huberchester, WV 03616', '2024-11-19');
INSERT INTO dim_customers (customer_id, customer_name, email, phone, address, created_date) VALUES (25, 'Sherry Walsh', 'mccarthymichael@example.net', '6118594429', '868 Davis Hollow Suite 123, Youngfort, SD 16587', '2025-02-04');
INSERT INTO dim_customers (customer_id, customer_name, email, phone, address, created_date) VALUES (26, 'Patricia Simmons', 'xmccarthy@example.net', '834-350-3660', '632 Vazquez Ford, Marystad, PW 70341', '2024-11-26');
INSERT INTO dim_customers (customer_id, customer_name, email, phone, address, created_date) VALUES (27, 'Jackie Davis', 'brandi71@example.org', '(561)964-2329', '9274 Patrick Ford, Patrickshire, AZ 69887', '2025-03-03');
INSERT INTO dim_customers (customer_id, customer_name, email, phone, address, created_date) VALUES (28, 'Aaron Johnston', 'uhinton@example.com', '704-979-3975x06111', '136 Garner Rapid Apt. 503, Patrickshire, NV 09654', '2025-05-19');
INSERT INTO dim_customers (customer_id, customer_name, email, phone, address, created_date) VALUES (29, 'Bruce Mathews', 'paul09@example.com', '314.718.3649x681', '3869 Christopher Dam Apt. 027, Hawkinshaven, OK 32511', '2024-07-27');
INSERT INTO dim_customers (customer_id, customer_name, email, phone, address, created_date) VALUES (30, 'Mackenzie Garcia', 'aaronmartin@example.net', '(433)399-1786', '6403 Carroll Drives, Port Robert, OR 25892', '2025-03-19');
INSERT INTO dim_customers (customer_id, customer_name, email, phone, address, created_date) VALUES (31, 'Veronica Cooper', 'jason53@example.org', '(934)677-4510x02355', '624 Amy Mission, North Karenbury, MT 34402', '2024-08-06');
INSERT INTO dim_customers (customer_id, customer_name, email, phone, address, created_date) VALUES (32, 'John Caldwell', 'christy71@example.net', '356-265-0075', '2485 Petersen Corner, Murphyfurt, VA 29724', '2024-03-13');
INSERT INTO dim_customers (customer_id, customer_name, email, phone, address, created_date) VALUES (33, 'Amy Roberts', 'rcalderon@example.org', '600.516.1713x4480', '701 Sarah Haven, Torresmouth, FM 90525', '2025-05-14');
INSERT INTO dim_customers (customer_id, customer_name, email, phone, address, created_date) VALUES (34, 'Angela Robinson', 'imitchell@example.net', '+1-288-749-5910x47007', '225 Gibson Ports, Taylorshire, MD 07011', '2023-12-26');
INSERT INTO dim_customers (customer_id, customer_name, email, phone, address, created_date) VALUES (35, 'Joshua Martin', 'robert25@example.com', '001-272-584-7546x29105', 'PSC 0455, Box 4499, APO AP 12720', '2024-01-01');
INSERT INTO dim_customers (customer_id, customer_name, email, phone, address, created_date) VALUES (36, 'Lydia Jones', 'burtonevan@example.net', '001-804-873-1363x99593', '055 Park Wells, Wolfmouth, MT 36009', '2024-02-28');
INSERT INTO dim_customers (customer_id, customer_name, email, phone, address, created_date) VALUES (37, 'Tyler Walsh', 'foxbrianna@example.org', '774.891.3404', '61984 Sara Shore, North Thomas, AZ 46930', '2024-06-03');
INSERT INTO dim_customers (customer_id, customer_name, email, phone, address, created_date) VALUES (38, 'April Floyd', 'heather43@example.com', '647.404.9899', '4106 Long Trail Suite 944, Huffview, NV 96693', '2024-11-02');
INSERT INTO dim_customers (customer_id, customer_name, email, phone, address, created_date) VALUES (39, 'Jillian Thomas', 'crawfordanna@example.net', '+1-562-682-3143x433', '3457 Green Roads Suite 312, Lake Jessicastad, PW 42525', '2024-10-30');
INSERT INTO dim_customers (customer_id, customer_name, email, phone, address, created_date) VALUES (40, 'Cynthia Martinez', 'torreskenneth@example.org', '822.678.1289x224', '4993 Hodge Fork Suite 462, Lake Douglas, NY 51942', '2025-05-29');
INSERT INTO dim_customers (customer_id, customer_name, email, phone, address, created_date) VALUES (41, 'Evelyn Hines', 'ahickman@example.org', '(794)666-9464x5447', '07140 Wagner Cliffs Apt. 552, Burnsburgh, ME 07266', '2025-03-04');
INSERT INTO dim_customers (customer_id, customer_name, email, phone, address, created_date) VALUES (42, 'Veronica Sanchez', 'wmcdonald@example.net', '+1-537-632-3286x132', '762 Kathleen Estate Apt. 160, Thompsontown, ME 76801', '2025-02-26');
INSERT INTO dim_customers (customer_id, customer_name, email, phone, address, created_date) VALUES (43, 'Christopher Savage', 'blambert@example.net', '(594)827-3374x7007', '315 Christine Skyway, Brendaton, DC 44806', '2023-09-05');
INSERT INTO dim_customers (customer_id, customer_name, email, phone, address, created_date) VALUES (44, 'Matthew Bennett', 'stephanie89@example.com', '(758)418-8408', '583 Gregory Neck Suite 577, Andersonchester, IN 62547', '2025-02-06');
INSERT INTO dim_customers (customer_id, customer_name, email, phone, address, created_date) VALUES (45, 'Mary David', 'skinnerrobert@example.net', '398.302.5518', '22849 Kelsey Highway, Billyside, HI 23149', '2024-11-17');
INSERT INTO dim_customers (customer_id, customer_name, email, phone, address, created_date) VALUES (46, 'Kristy Miller', 'michaelmorton@example.com', '+1-877-846-0575x693', 'PSC 8303, Box 1367, APO AE 13643', '2023-07-30');
INSERT INTO dim_customers (customer_id, customer_name, email, phone, address, created_date) VALUES (47, 'Maria Saunders', 'woodardashley@example.org', '362.402.7143', 'USNV Schneider, FPO AA 68193', '2023-10-19');
INSERT INTO dim_customers (customer_id, customer_name, email, phone, address, created_date) VALUES (48, 'Andrea Clark', 'lisasnyder@example.org', '(775)958-5411', '505 Nathan Common, New Kevin, TX 37446', '2025-04-25');
INSERT INTO dim_customers (customer_id, customer_name, email, phone, address, created_date) VALUES (49, 'Natalie Lambert', 'carriemeyers@example.org', '832.828.2376', '95790 Martin Islands, Nicholsonhaven, IN 40024', '2024-05-14');
INSERT INTO dim_customers (customer_id, customer_name, email, phone, address, created_date) VALUES (50, 'Gregory Knox', 'rpatel@example.org', '605-313-4074', '7010 Wood Parkway Suite 038, Brianfort, NC 80912', '2025-02-13');

-- INSERT INTO dim_products
INSERT INTO dim_products (product_id, product_name, category, price) VALUES (1, 'Product 1', 'Furniture', 359.23);
INSERT INTO dim_products (product_id, product_name, category, price) VALUES (2, 'Product 2', 'Electronics', 161.75);
INSERT INTO dim_products (product_id, product_name, category, price) VALUES (3, 'Product 3', 'Furniture', 214.02);
INSERT INTO dim_products (product_id, product_name, category, price) VALUES (4, 'Product 4', 'Furniture', 362.03);
INSERT INTO dim_products (product_id, product_name, category, price) VALUES (5, 'Product 5', 'Clothing', 236.64);
INSERT INTO dim_products (product_id, product_name, category, price) VALUES (6, 'Product 6', 'Electronics', 451.28);
INSERT INTO dim_products (product_id, product_name, category, price) VALUES (7, 'Product 7', 'Furniture', 407.17);
INSERT INTO dim_products (product_id, product_name, category, price) VALUES (8, 'Product 8', 'Furniture', 201.13);
INSERT INTO dim_products (product_id, product_name, category, price) VALUES (9, 'Product 9', 'Clothing', 57.86);
INSERT INTO dim_products (product_id, product_name, category, price) VALUES (10, 'Product 10', 'Clothing', 127.27);
INSERT INTO dim_products (product_id, product_name, category, price) VALUES (11, 'Product 11', 'Clothing', 154.21);
INSERT INTO dim_products (product_id, product_name, category, price) VALUES (12, 'Product 12', 'Furniture', 297.27);
INSERT INTO dim_products (product_id, product_name, category, price) VALUES (13, 'Product 13', 'Furniture', 59.35);
INSERT INTO dim_products (product_id, product_name, category, price) VALUES (14, 'Product 14', 'Electronics', 34.9);
INSERT INTO dim_products (product_id, product_name, category, price) VALUES (15, 'Product 15', 'Furniture', 300.44);
INSERT INTO dim_products (product_id, product_name, category, price) VALUES (16, 'Product 16', 'Clothing', 33.49);
INSERT INTO dim_products (product_id, product_name, category, price) VALUES (17, 'Product 17', 'Electronics', 433.28);
INSERT INTO dim_products (product_id, product_name, category, price) VALUES (18, 'Product 18', 'Furniture', 274.56);
INSERT INTO dim_products (product_id, product_name, category, price) VALUES (19, 'Product 19', 'Clothing', 133.86);
INSERT INTO dim_products (product_id, product_name, category, price) VALUES (20, 'Product 20', 'Furniture', 467.06);

-- INSERT INTO dim_sales_agents
INSERT INTO dim_sales_agents (agent_id, agent_name, region, hire_date) VALUES (1, 'Ernest Smith', 'West Virginia', '2021-10-30');
INSERT INTO dim_sales_agents (agent_id, agent_name, region, hire_date) VALUES (2, 'Eric Bailey', 'Washington', '2023-03-23');
INSERT INTO dim_sales_agents (agent_id, agent_name, region, hire_date) VALUES (3, 'Andrew Moore', 'Nebraska', '2022-02-10');
INSERT INTO dim_sales_agents (agent_id, agent_name, region, hire_date) VALUES (4, 'Steven Brown', 'Washington', '2021-05-11');
INSERT INTO dim_sales_agents (agent_id, agent_name, region, hire_date) VALUES (5, 'David Escobar', 'New Mexico', '2022-09-27');
INSERT INTO dim_sales_agents (agent_id, agent_name, region, hire_date) VALUES (6, 'Joseph Bruce MD', 'Missouri', '2020-11-16');
INSERT INTO dim_sales_agents (agent_id, agent_name, region, hire_date) VALUES (7, 'Michael Dennis', 'Arkansas', '2024-05-19');
INSERT INTO dim_sales_agents (agent_id, agent_name, region, hire_date) VALUES (8, 'Vanessa Morales', 'Massachusetts', '2022-11-21');
INSERT INTO dim_sales_agents (agent_id, agent_name, region, hire_date) VALUES (9, 'Christopher Sanford', 'New Jersey', '2020-10-02');
INSERT INTO dim_sales_agents (agent_id, agent_name, region, hire_date) VALUES (10, 'Rickey Osborne', 'Georgia', '2020-07-14');

-- INSERT INTO fact_sales
INSERT INTO fact_sales (sale_id, customer_id, product_id, agent_id, sale_date, quantity, total_amount) VALUES (1, 14, 8, 8, '2025-05-01', 1, 201.13);
INSERT INTO fact_sales (sale_id, customer_id, product_id, agent_id, sale_date, quantity, total_amount) VALUES (2, 23, 17, 1, '2024-07-23', 5, 2166.4);
INSERT INTO fact_sales (sale_id, customer_id, product_id, agent_id, sale_date, quantity, total_amount) VALUES (3, 29, 20, 8, '2024-08-11', 4, 1868.24);
INSERT INTO fact_sales (sale_id, customer_id, product_id, agent_id, sale_date, quantity, total_amount) VALUES (4, 27, 16, 7, '2025-04-23', 3, 100.47);
INSERT INTO fact_sales (sale_id, customer_id, product_id, agent_id, sale_date, quantity, total_amount) VALUES (5, 3, 4, 4, '2025-04-12', 2, 724.06);
INSERT INTO fact_sales (sale_id, customer_id, product_id, agent_id, sale_date, quantity, total_amount) VALUES (6, 49, 14, 8, '2024-10-02', 3, 104.7);
INSERT INTO fact_sales (sale_id, customer_id, product_id, agent_id, sale_date, quantity, total_amount) VALUES (7, 7, 4, 6, '2024-10-04', 5, 1810.15);
INSERT INTO fact_sales (sale_id, customer_id, product_id, agent_id, sale_date, quantity, total_amount) VALUES (8, 4, 9, 3, '2024-11-05', 2, 115.72);
INSERT INTO fact_sales (sale_id, customer_id, product_id, agent_id, sale_date, quantity, total_amount) VALUES (9, 26, 1, 5, '2024-12-16', 4, 1436.92);
INSERT INTO fact_sales (sale_id, customer_id, product_id, agent_id, sale_date, quantity, total_amount) VALUES (10, 48, 10, 1, '2025-03-29', 5, 636.35);
INSERT INTO fact_sales (sale_id, customer_id, product_id, agent_id, sale_date, quantity, total_amount) VALUES (11, 19, 10, 6, '2024-08-23', 2, 254.54);
INSERT INTO fact_sales (sale_id, customer_id, product_id, agent_id, sale_date, quantity, total_amount) VALUES (12, 9, 7, 9, '2025-04-01', 3, 1221.51);
INSERT INTO fact_sales (sale_id, customer_id, product_id, agent_id, sale_date, quantity, total_amount) VALUES (13, 37, 12, 8, '2025-01-31', 5, 1486.35);
INSERT INTO fact_sales (sale_id, customer_id, product_id, agent_id, sale_date, quantity, total_amount) VALUES (14, 3, 19, 7, '2024-10-06', 2, 267.72);
INSERT INTO fact_sales (sale_id, customer_id, product_id, agent_id, sale_date, quantity, total_amount) VALUES (15, 10, 2, 9, '2025-05-25', 4, 647.0);
INSERT INTO fact_sales (sale_id, customer_id, product_id, agent_id, sale_date, quantity, total_amount) VALUES (16, 15, 14, 5, '2025-02-19', 2, 69.8);
INSERT INTO fact_sales (sale_id, customer_id, product_id, agent_id, sale_date, quantity, total_amount) VALUES (17, 46, 15, 4, '2025-05-16', 3, 901.32);
INSERT INTO fact_sales (sale_id, customer_id, product_id, agent_id, sale_date, quantity, total_amount) VALUES (18, 2, 3, 4, '2024-12-22', 3, 642.06);
INSERT INTO fact_sales (sale_id, customer_id, product_id, agent_id, sale_date, quantity, total_amount) VALUES (19, 41, 14, 4, '2024-08-20', 3, 104.7);
INSERT INTO fact_sales (sale_id, customer_id, product_id, agent_id, sale_date, quantity, total_amount) VALUES (20, 31, 2, 4, '2024-11-03', 5, 808.75);
INSERT INTO fact_sales (sale_id, customer_id, product_id, agent_id, sale_date, quantity, total_amount) VALUES (21, 16, 17, 4, '2024-12-16', 4, 1733.12);
INSERT INTO fact_sales (sale_id, customer_id, product_id, agent_id, sale_date, quantity, total_amount) VALUES (22, 28, 16, 3, '2024-08-28', 3, 100.47);
INSERT INTO fact_sales (sale_id, customer_id, product_id, agent_id, sale_date, quantity, total_amount) VALUES (23, 16, 14, 3, '2025-07-01', 3, 104.7);
INSERT INTO fact_sales (sale_id, customer_id, product_id, agent_id, sale_date, quantity, total_amount) VALUES (24, 19, 16, 8, '2025-01-03', 5, 167.45);
INSERT INTO fact_sales (sale_id, customer_id, product_id, agent_id, sale_date, quantity, total_amount) VALUES (25, 46, 9, 2, '2025-04-19', 3, 173.58);
INSERT INTO fact_sales (sale_id, customer_id, product_id, agent_id, sale_date, quantity, total_amount) VALUES (26, 11, 13, 9, '2024-11-08', 1, 59.35);
INSERT INTO fact_sales (sale_id, customer_id, product_id, agent_id, sale_date, quantity, total_amount) VALUES (27, 22, 9, 2, '2024-10-01', 2, 115.72);
INSERT INTO fact_sales (sale_id, customer_id, product_id, agent_id, sale_date, quantity, total_amount) VALUES (28, 17, 3, 7, '2024-12-31', 4, 856.08);
INSERT INTO fact_sales (sale_id, customer_id, product_id, agent_id, sale_date, quantity, total_amount) VALUES (29, 18, 1, 2, '2024-10-10', 1, 359.23);
INSERT INTO fact_sales (sale_id, customer_id, product_id, agent_id, sale_date, quantity, total_amount) VALUES (30, 33, 8, 2, '2025-06-01', 4, 804.52);
INSERT INTO fact_sales (sale_id, customer_id, product_id, agent_id, sale_date, quantity, total_amount) VALUES (31, 39, 9, 3, '2025-06-12', 5, 289.3);
INSERT INTO fact_sales (sale_id, customer_id, product_id, agent_id, sale_date, quantity, total_amount) VALUES (32, 12, 18, 2, '2024-10-05', 2, 549.12);
INSERT INTO fact_sales (sale_id, customer_id, product_id, agent_id, sale_date, quantity, total_amount) VALUES (33, 37, 6, 4, '2025-06-28', 3, 1353.84);
INSERT INTO fact_sales (sale_id, customer_id, product_id, agent_id, sale_date, quantity, total_amount) VALUES (34, 12, 8, 10, '2025-02-22', 5, 1005.65);
INSERT INTO fact_sales (sale_id, customer_id, product_id, agent_id, sale_date, quantity, total_amount) VALUES (35, 10, 12, 4, '2024-10-20', 5, 1486.35);
INSERT INTO fact_sales (sale_id, customer_id, product_id, agent_id, sale_date, quantity, total_amount) VALUES (36, 37, 16, 5, '2024-10-24', 3, 100.47);
INSERT INTO fact_sales (sale_id, customer_id, product_id, agent_id, sale_date, quantity, total_amount) VALUES (37, 44, 6, 9, '2024-11-25', 1, 451.28);
INSERT INTO fact_sales (sale_id, customer_id, product_id, agent_id, sale_date, quantity, total_amount) VALUES (38, 34, 14, 8, '2025-05-03', 5, 174.5);
INSERT INTO fact_sales (sale_id, customer_id, product_id, agent_id, sale_date, quantity, total_amount) VALUES (39, 46, 4, 7, '2024-10-11', 4, 1448.12);
INSERT INTO fact_sales (sale_id, customer_id, product_id, agent_id, sale_date, quantity, total_amount) VALUES (40, 26, 11, 5, '2025-02-27', 1, 154.21);
INSERT INTO fact_sales (sale_id, customer_id, product_id, agent_id, sale_date, quantity, total_amount) VALUES (41, 14, 19, 10, '2024-07-06', 3, 401.58);
INSERT INTO fact_sales (sale_id, customer_id, product_id, agent_id, sale_date, quantity, total_amount) VALUES (42, 33, 17, 7, '2024-08-14', 3, 1299.84);
INSERT INTO fact_sales (sale_id, customer_id, product_id, agent_id, sale_date, quantity, total_amount) VALUES (43, 49, 10, 5, '2024-08-22', 5, 636.35);
INSERT INTO fact_sales (sale_id, customer_id, product_id, agent_id, sale_date, quantity, total_amount) VALUES (44, 35, 20, 3, '2025-02-03', 2, 934.12);
INSERT INTO fact_sales (sale_id, customer_id, product_id, agent_id, sale_date, quantity, total_amount) VALUES (45, 3, 2, 5, '2024-11-10', 4, 647.0);
INSERT INTO fact_sales (sale_id, customer_id, product_id, agent_id, sale_date, quantity, total_amount) VALUES (46, 48, 17, 4, '2024-07-30', 4, 1733.12);
INSERT INTO fact_sales (sale_id, customer_id, product_id, agent_id, sale_date, quantity, total_amount) VALUES (47, 3, 19, 1, '2024-11-10', 5, 669.3);
INSERT INTO fact_sales (sale_id, customer_id, product_id, agent_id, sale_date, quantity, total_amount) VALUES (48, 39, 5, 8, '2024-11-04', 3, 709.92);
INSERT INTO fact_sales (sale_id, customer_id, product_id, agent_id, sale_date, quantity, total_amount) VALUES (49, 5, 6, 5, '2024-08-22', 2, 902.56);
INSERT INTO fact_sales (sale_id, customer_id, product_id, agent_id, sale_date, quantity, total_amount) VALUES (50, 50, 9, 4, '2024-09-18', 4, 231.44);
INSERT INTO fact_sales (sale_id, customer_id, product_id, agent_id, sale_date, quantity, total_amount) VALUES (51, 3, 12, 10, '2025-06-15', 3, 891.81);
INSERT INTO fact_sales (sale_id, customer_id, product_id, agent_id, sale_date, quantity, total_amount) VALUES (52, 27, 15, 3, '2024-08-10', 4, 1201.76);
INSERT INTO fact_sales (sale_id, customer_id, product_id, agent_id, sale_date, quantity, total_amount) VALUES (53, 29, 1, 7, '2025-05-13', 3, 1077.69);
INSERT INTO fact_sales (sale_id, customer_id, product_id, agent_id, sale_date, quantity, total_amount) VALUES (54, 41, 4, 3, '2025-05-24', 1, 362.03);
INSERT INTO fact_sales (sale_id, customer_id, product_id, agent_id, sale_date, quantity, total_amount) VALUES (55, 39, 15, 10, '2025-05-31', 2, 600.88);
INSERT INTO fact_sales (sale_id, customer_id, product_id, agent_id, sale_date, quantity, total_amount) VALUES (56, 10, 18, 3, '2025-01-19', 1, 274.56);
INSERT INTO fact_sales (sale_id, customer_id, product_id, agent_id, sale_date, quantity, total_amount) VALUES (57, 41, 17, 7, '2025-02-28', 3, 1299.84);
INSERT INTO fact_sales (sale_id, customer_id, product_id, agent_id, sale_date, quantity, total_amount) VALUES (58, 44, 14, 8, '2025-02-27', 4, 139.6);
INSERT INTO fact_sales (sale_id, customer_id, product_id, agent_id, sale_date, quantity, total_amount) VALUES (59, 41, 15, 3, '2024-07-11', 2, 600.88);
INSERT INTO fact_sales (sale_id, customer_id, product_id, agent_id, sale_date, quantity, total_amount) VALUES (60, 48, 6, 5, '2024-12-13', 1, 451.28);
INSERT INTO fact_sales (sale_id, customer_id, product_id, agent_id, sale_date, quantity, total_amount) VALUES (61, 50, 4, 1, '2024-10-14', 4, 1448.12);
INSERT INTO fact_sales (sale_id, customer_id, product_id, agent_id, sale_date, quantity, total_amount) VALUES (62, 29, 18, 8, '2025-06-05', 5, 1372.8);
INSERT INTO fact_sales (sale_id, customer_id, product_id, agent_id, sale_date, quantity, total_amount) VALUES (63, 7, 17, 7, '2024-09-17', 4, 1733.12);
INSERT INTO fact_sales (sale_id, customer_id, product_id, agent_id, sale_date, quantity, total_amount) VALUES (64, 35, 17, 4, '2025-06-19', 2, 866.56);
INSERT INTO fact_sales (sale_id, customer_id, product_id, agent_id, sale_date, quantity, total_amount) VALUES (65, 39, 4, 8, '2025-04-27', 5, 1810.15);
INSERT INTO fact_sales (sale_id, customer_id, product_id, agent_id, sale_date, quantity, total_amount) VALUES (66, 15, 12, 7, '2025-05-15', 1, 297.27);
INSERT INTO fact_sales (sale_id, customer_id, product_id, agent_id, sale_date, quantity, total_amount) VALUES (67, 43, 7, 10, '2025-04-17', 5, 2035.85);
INSERT INTO fact_sales (sale_id, customer_id, product_id, agent_id, sale_date, quantity, total_amount) VALUES (68, 32, 5, 9, '2024-12-21', 1, 236.64);
INSERT INTO fact_sales (sale_id, customer_id, product_id, agent_id, sale_date, quantity, total_amount) VALUES (69, 30, 2, 2, '2024-12-31', 5, 808.75);
INSERT INTO fact_sales (sale_id, customer_id, product_id, agent_id, sale_date, quantity, total_amount) VALUES (70, 34, 19, 7, '2024-08-13', 4, 535.44);
INSERT INTO fact_sales (sale_id, customer_id, product_id, agent_id, sale_date, quantity, total_amount) VALUES (71, 24, 5, 5, '2024-07-07', 3, 709.92);
INSERT INTO fact_sales (sale_id, customer_id, product_id, agent_id, sale_date, quantity, total_amount) VALUES (72, 3, 6, 8, '2024-09-04', 3, 1353.84);
INSERT INTO fact_sales (sale_id, customer_id, product_id, agent_id, sale_date, quantity, total_amount) VALUES (73, 1, 8, 1, '2024-07-11', 5, 1005.65);
INSERT INTO fact_sales (sale_id, customer_id, product_id, agent_id, sale_date, quantity, total_amount) VALUES (74, 34, 11, 5, '2024-12-01', 1, 154.21);
INSERT INTO fact_sales (sale_id, customer_id, product_id, agent_id, sale_date, quantity, total_amount) VALUES (75, 39, 5, 10, '2024-10-08', 1, 236.64);
INSERT INTO fact_sales (sale_id, customer_id, product_id, agent_id, sale_date, quantity, total_amount) VALUES (76, 29, 18, 7, '2025-05-02', 5, 1372.8);
INSERT INTO fact_sales (sale_id, customer_id, product_id, agent_id, sale_date, quantity, total_amount) VALUES (77, 45, 3, 2, '2025-05-04', 4, 856.08);
INSERT INTO fact_sales (sale_id, customer_id, product_id, agent_id, sale_date, quantity, total_amount) VALUES (78, 7, 15, 6, '2024-11-30', 3, 901.32);
INSERT INTO fact_sales (sale_id, customer_id, product_id, agent_id, sale_date, quantity, total_amount) VALUES (79, 48, 18, 5, '2025-02-25', 1, 274.56);
INSERT INTO fact_sales (sale_id, customer_id, product_id, agent_id, sale_date, quantity, total_amount) VALUES (80, 39, 16, 4, '2025-05-17', 3, 100.47);
INSERT INTO fact_sales (sale_id, customer_id, product_id, agent_id, sale_date, quantity, total_amount) VALUES (81, 12, 10, 4, '2025-01-01', 3, 381.81);
INSERT INTO fact_sales (sale_id, customer_id, product_id, agent_id, sale_date, quantity, total_amount) VALUES (82, 37, 12, 2, '2025-05-22', 2, 594.54);
INSERT INTO fact_sales (sale_id, customer_id, product_id, agent_id, sale_date, quantity, total_amount) VALUES (83, 21, 8, 2, '2024-07-17', 1, 201.13);
INSERT INTO fact_sales (sale_id, customer_id, product_id, agent_id, sale_date, quantity, total_amount) VALUES (84, 37, 1, 10, '2024-07-21', 3, 1077.69);
INSERT INTO fact_sales (sale_id, customer_id, product_id, agent_id, sale_date, quantity, total_amount) VALUES (85, 49, 7, 7, '2024-12-21', 5, 2035.85);
INSERT INTO fact_sales (sale_id, customer_id, product_id, agent_id, sale_date, quantity, total_amount) VALUES (86, 2, 16, 2, '2025-02-01', 1, 33.49);
INSERT INTO fact_sales (sale_id, customer_id, product_id, agent_id, sale_date, quantity, total_amount) VALUES (87, 27, 15, 3, '2025-03-08', 3, 901.32);
INSERT INTO fact_sales (sale_id, customer_id, product_id, agent_id, sale_date, quantity, total_amount) VALUES (88, 47, 4, 7, '2025-01-22', 3, 1086.09);
INSERT INTO fact_sales (sale_id, customer_id, product_id, agent_id, sale_date, quantity, total_amount) VALUES (89, 1, 13, 4, '2025-04-04', 5, 296.75);
INSERT INTO fact_sales (sale_id, customer_id, product_id, agent_id, sale_date, quantity, total_amount) VALUES (90, 13, 11, 7, '2024-09-30', 4, 616.84);
INSERT INTO fact_sales (sale_id, customer_id, product_id, agent_id, sale_date, quantity, total_amount) VALUES (91, 48, 18, 3, '2024-12-29', 1, 274.56);
INSERT INTO fact_sales (sale_id, customer_id, product_id, agent_id, sale_date, quantity, total_amount) VALUES (92, 1, 12, 9, '2024-11-28', 1, 297.27);
INSERT INTO fact_sales (sale_id, customer_id, product_id, agent_id, sale_date, quantity, total_amount) VALUES (93, 39, 19, 9, '2024-10-31', 2, 267.72);
INSERT INTO fact_sales (sale_id, customer_id, product_id, agent_id, sale_date, quantity, total_amount) VALUES (94, 5, 12, 3, '2025-02-12', 3, 891.81);
INSERT INTO fact_sales (sale_id, customer_id, product_id, agent_id, sale_date, quantity, total_amount) VALUES (95, 47, 13, 8, '2025-01-25', 2, 118.7);
INSERT INTO fact_sales (sale_id, customer_id, product_id, agent_id, sale_date, quantity, total_amount) VALUES (96, 27, 10, 9, '2025-04-28', 4, 509.08);
INSERT INTO fact_sales (sale_id, customer_id, product_id, agent_id, sale_date, quantity, total_amount) VALUES (97, 48, 19, 7, '2025-05-28', 3, 401.58);
INSERT INTO fact_sales (sale_id, customer_id, product_id, agent_id, sale_date, quantity, total_amount) VALUES (98, 46, 6, 5, '2025-02-22', 5, 2256.4);
INSERT INTO fact_sales (sale_id, customer_id, product_id, agent_id, sale_date, quantity, total_amount) VALUES (99, 21, 7, 7, '2025-01-21', 2, 814.34);
INSERT INTO fact_sales (sale_id, customer_id, product_id, agent_id, sale_date, quantity, total_amount) VALUES (100, 20, 16, 3, '2024-12-05', 1, 33.49);
INSERT INTO fact_sales (sale_id, customer_id, product_id, agent_id, sale_date, quantity, total_amount) VALUES (101, 12, 17, 2, '2024-10-16', 5, 2166.4);
INSERT INTO fact_sales (sale_id, customer_id, product_id, agent_id, sale_date, quantity, total_amount) VALUES (102, 31, 7, 1, '2024-10-02', 4, 1628.68);
INSERT INTO fact_sales (sale_id, customer_id, product_id, agent_id, sale_date, quantity, total_amount) VALUES (103, 48, 12, 4, '2025-05-17', 4, 1189.08);
INSERT INTO fact_sales (sale_id, customer_id, product_id, agent_id, sale_date, quantity, total_amount) VALUES (104, 7, 16, 6, '2025-05-08', 5, 167.45);
INSERT INTO fact_sales (sale_id, customer_id, product_id, agent_id, sale_date, quantity, total_amount) VALUES (105, 16, 5, 6, '2024-12-02', 5, 1183.2);
INSERT INTO fact_sales (sale_id, customer_id, product_id, agent_id, sale_date, quantity, total_amount) VALUES (106, 34, 14, 8, '2024-07-25', 3, 104.7);
INSERT INTO fact_sales (sale_id, customer_id, product_id, agent_id, sale_date, quantity, total_amount) VALUES (107, 13, 2, 3, '2025-06-25', 1, 161.75);
INSERT INTO fact_sales (sale_id, customer_id, product_id, agent_id, sale_date, quantity, total_amount) VALUES (108, 47, 11, 6, '2024-11-20', 2, 308.42);
INSERT INTO fact_sales (sale_id, customer_id, product_id, agent_id, sale_date, quantity, total_amount) VALUES (109, 9, 17, 1, '2025-05-29', 2, 866.56);
INSERT INTO fact_sales (sale_id, customer_id, product_id, agent_id, sale_date, quantity, total_amount) VALUES (110, 4, 15, 8, '2024-12-27', 1, 300.44);
INSERT INTO fact_sales (sale_id, customer_id, product_id, agent_id, sale_date, quantity, total_amount) VALUES (111, 2, 8, 7, '2025-02-03', 1, 201.13);
INSERT INTO fact_sales (sale_id, customer_id, product_id, agent_id, sale_date, quantity, total_amount) VALUES (112, 48, 7, 5, '2025-01-01', 5, 2035.85);
INSERT INTO fact_sales (sale_id, customer_id, product_id, agent_id, sale_date, quantity, total_amount) VALUES (113, 5, 4, 2, '2024-11-29', 3, 1086.09);
INSERT INTO fact_sales (sale_id, customer_id, product_id, agent_id, sale_date, quantity, total_amount) VALUES (114, 8, 1, 6, '2024-12-15', 3, 1077.69);
INSERT INTO fact_sales (sale_id, customer_id, product_id, agent_id, sale_date, quantity, total_amount) VALUES (115, 9, 11, 4, '2024-12-21', 2, 308.42);
INSERT INTO fact_sales (sale_id, customer_id, product_id, agent_id, sale_date, quantity, total_amount) VALUES (116, 8, 20, 2, '2024-12-14', 5, 2335.3);
INSERT INTO fact_sales (sale_id, customer_id, product_id, agent_id, sale_date, quantity, total_amount) VALUES (117, 12, 14, 3, '2025-02-17', 3, 104.7);
INSERT INTO fact_sales (sale_id, customer_id, product_id, agent_id, sale_date, quantity, total_amount) VALUES (118, 27, 18, 5, '2024-08-30', 4, 1098.24);
INSERT INTO fact_sales (sale_id, customer_id, product_id, agent_id, sale_date, quantity, total_amount) VALUES (119, 40, 4, 2, '2024-09-12', 4, 1448.12);
INSERT INTO fact_sales (sale_id, customer_id, product_id, agent_id, sale_date, quantity, total_amount) VALUES (120, 19, 2, 5, '2024-12-25', 3, 485.25);
INSERT INTO fact_sales (sale_id, customer_id, product_id, agent_id, sale_date, quantity, total_amount) VALUES (121, 12, 1, 2, '2025-05-04', 5, 1796.15);
INSERT INTO fact_sales (sale_id, customer_id, product_id, agent_id, sale_date, quantity, total_amount) VALUES (122, 45, 9, 9, '2024-08-11', 4, 231.44);
INSERT INTO fact_sales (sale_id, customer_id, product_id, agent_id, sale_date, quantity, total_amount) VALUES (123, 5, 11, 4, '2024-11-09', 2, 308.42);
INSERT INTO fact_sales (sale_id, customer_id, product_id, agent_id, sale_date, quantity, total_amount) VALUES (124, 22, 1, 6, '2025-05-02', 2, 718.46);
INSERT INTO fact_sales (sale_id, customer_id, product_id, agent_id, sale_date, quantity, total_amount) VALUES (125, 37, 4, 2, '2025-04-07', 2, 724.06);
INSERT INTO fact_sales (sale_id, customer_id, product_id, agent_id, sale_date, quantity, total_amount) VALUES (126, 5, 1, 9, '2024-12-12', 2, 718.46);
INSERT INTO fact_sales (sale_id, customer_id, product_id, agent_id, sale_date, quantity, total_amount) VALUES (127, 29, 18, 8, '2025-01-20', 1, 274.56);
INSERT INTO fact_sales (sale_id, customer_id, product_id, agent_id, sale_date, quantity, total_amount) VALUES (128, 42, 2, 3, '2025-03-30', 1, 161.75);
INSERT INTO fact_sales (sale_id, customer_id, product_id, agent_id, sale_date, quantity, total_amount) VALUES (129, 42, 19, 5, '2025-07-02', 3, 401.58);
INSERT INTO fact_sales (sale_id, customer_id, product_id, agent_id, sale_date, quantity, total_amount) VALUES (130, 43, 3, 9, '2024-08-13', 4, 856.08);
INSERT INTO fact_sales (sale_id, customer_id, product_id, agent_id, sale_date, quantity, total_amount) VALUES (131, 29, 11, 1, '2024-09-21', 3, 462.63);
INSERT INTO fact_sales (sale_id, customer_id, product_id, agent_id, sale_date, quantity, total_amount) VALUES (132, 4, 7, 7, '2024-07-22', 2, 814.34);
INSERT INTO fact_sales (sale_id, customer_id, product_id, agent_id, sale_date, quantity, total_amount) VALUES (133, 14, 4, 1, '2024-09-21', 3, 1086.09);
INSERT INTO fact_sales (sale_id, customer_id, product_id, agent_id, sale_date, quantity, total_amount) VALUES (134, 40, 9, 6, '2025-01-09', 1, 57.86);
INSERT INTO fact_sales (sale_id, customer_id, product_id, agent_id, sale_date, quantity, total_amount) VALUES (135, 23, 1, 9, '2024-12-07', 5, 1796.15);
INSERT INTO fact_sales (sale_id, customer_id, product_id, agent_id, sale_date, quantity, total_amount) VALUES (136, 30, 11, 9, '2025-05-03', 4, 616.84);
INSERT INTO fact_sales (sale_id, customer_id, product_id, agent_id, sale_date, quantity, total_amount) VALUES (137, 15, 5, 6, '2025-06-05', 2, 473.28);
INSERT INTO fact_sales (sale_id, customer_id, product_id, agent_id, sale_date, quantity, total_amount) VALUES (138, 41, 14, 7, '2025-03-24', 4, 139.6);
INSERT INTO fact_sales (sale_id, customer_id, product_id, agent_id, sale_date, quantity, total_amount) VALUES (139, 32, 8, 9, '2024-09-06', 2, 402.26);
INSERT INTO fact_sales (sale_id, customer_id, product_id, agent_id, sale_date, quantity, total_amount) VALUES (140, 2, 2, 4, '2025-05-25', 4, 647.0);
INSERT INTO fact_sales (sale_id, customer_id, product_id, agent_id, sale_date, quantity, total_amount) VALUES (141, 49, 10, 9, '2024-08-02', 2, 254.54);
INSERT INTO fact_sales (sale_id, customer_id, product_id, agent_id, sale_date, quantity, total_amount) VALUES (142, 47, 15, 8, '2024-08-12', 5, 1502.2);
INSERT INTO fact_sales (sale_id, customer_id, product_id, agent_id, sale_date, quantity, total_amount) VALUES (143, 4, 14, 1, '2025-01-04', 1, 34.9);
INSERT INTO fact_sales (sale_id, customer_id, product_id, agent_id, sale_date, quantity, total_amount) VALUES (144, 6, 2, 9, '2024-07-07', 2, 323.5);
INSERT INTO fact_sales (sale_id, customer_id, product_id, agent_id, sale_date, quantity, total_amount) VALUES (145, 9, 16, 7, '2025-01-29', 5, 167.45);
INSERT INTO fact_sales (sale_id, customer_id, product_id, agent_id, sale_date, quantity, total_amount) VALUES (146, 7, 2, 2, '2025-05-09', 1, 161.75);
INSERT INTO fact_sales (sale_id, customer_id, product_id, agent_id, sale_date, quantity, total_amount) VALUES (147, 43, 20, 7, '2025-06-21', 5, 2335.3);
INSERT INTO fact_sales (sale_id, customer_id, product_id, agent_id, sale_date, quantity, total_amount) VALUES (148, 1, 3, 1, '2025-01-16', 1, 214.02);
INSERT INTO fact_sales (sale_id, customer_id, product_id, agent_id, sale_date, quantity, total_amount) VALUES (149, 34, 20, 10, '2025-03-09', 1, 467.06);
INSERT INTO fact_sales (sale_id, customer_id, product_id, agent_id, sale_date, quantity, total_amount) VALUES (150, 33, 19, 5, '2024-09-19', 4, 535.44);
INSERT INTO fact_sales (sale_id, customer_id, product_id, agent_id, sale_date, quantity, total_amount) VALUES (151, 40, 9, 4, '2024-09-01', 5, 289.3);
INSERT INTO fact_sales (sale_id, customer_id, product_id, agent_id, sale_date, quantity, total_amount) VALUES (152, 39, 11, 9, '2025-06-04', 1, 154.21);
INSERT INTO fact_sales (sale_id, customer_id, product_id, agent_id, sale_date, quantity, total_amount) VALUES (153, 48, 19, 1, '2024-11-12', 1, 133.86);
INSERT INTO fact_sales (sale_id, customer_id, product_id, agent_id, sale_date, quantity, total_amount) VALUES (154, 19, 5, 8, '2025-06-28', 1, 236.64);
INSERT INTO fact_sales (sale_id, customer_id, product_id, agent_id, sale_date, quantity, total_amount) VALUES (155, 1, 19, 6, '2025-05-25', 3, 401.58);
INSERT INTO fact_sales (sale_id, customer_id, product_id, agent_id, sale_date, quantity, total_amount) VALUES (156, 17, 13, 3, '2024-07-30', 1, 59.35);
INSERT INTO fact_sales (sale_id, customer_id, product_id, agent_id, sale_date, quantity, total_amount) VALUES (157, 2, 11, 3, '2024-09-08', 1, 154.21);
INSERT INTO fact_sales (sale_id, customer_id, product_id, agent_id, sale_date, quantity, total_amount) VALUES (158, 43, 20, 5, '2024-09-20', 2, 934.12);
INSERT INTO fact_sales (sale_id, customer_id, product_id, agent_id, sale_date, quantity, total_amount) VALUES (159, 20, 14, 1, '2024-11-29', 2, 69.8);
INSERT INTO fact_sales (sale_id, customer_id, product_id, agent_id, sale_date, quantity, total_amount) VALUES (160, 11, 14, 3, '2025-05-26', 3, 104.7);
INSERT INTO fact_sales (sale_id, customer_id, product_id, agent_id, sale_date, quantity, total_amount) VALUES (161, 10, 13, 2, '2024-07-23', 2, 118.7);
INSERT INTO fact_sales (sale_id, customer_id, product_id, agent_id, sale_date, quantity, total_amount) VALUES (162, 34, 7, 3, '2024-09-11', 4, 1628.68);
INSERT INTO fact_sales (sale_id, customer_id, product_id, agent_id, sale_date, quantity, total_amount) VALUES (163, 22, 16, 2, '2025-01-17', 4, 133.96);
INSERT INTO fact_sales (sale_id, customer_id, product_id, agent_id, sale_date, quantity, total_amount) VALUES (164, 5, 19, 9, '2025-06-20', 3, 401.58);
INSERT INTO fact_sales (sale_id, customer_id, product_id, agent_id, sale_date, quantity, total_amount) VALUES (165, 2, 14, 1, '2025-01-21', 2, 69.8);
INSERT INTO fact_sales (sale_id, customer_id, product_id, agent_id, sale_date, quantity, total_amount) VALUES (166, 32, 2, 3, '2025-02-28', 3, 485.25);
INSERT INTO fact_sales (sale_id, customer_id, product_id, agent_id, sale_date, quantity, total_amount) VALUES (167, 41, 9, 9, '2025-02-17', 3, 173.58);
INSERT INTO fact_sales (sale_id, customer_id, product_id, agent_id, sale_date, quantity, total_amount) VALUES (168, 2, 6, 6, '2025-03-05', 4, 1805.12);
INSERT INTO fact_sales (sale_id, customer_id, product_id, agent_id, sale_date, quantity, total_amount) VALUES (169, 46, 3, 7, '2025-06-06', 2, 428.04);
INSERT INTO fact_sales (sale_id, customer_id, product_id, agent_id, sale_date, quantity, total_amount) VALUES (170, 50, 20, 2, '2024-09-27', 3, 1401.18);
INSERT INTO fact_sales (sale_id, customer_id, product_id, agent_id, sale_date, quantity, total_amount) VALUES (171, 38, 9, 9, '2024-07-22', 4, 231.44);
INSERT INTO fact_sales (sale_id, customer_id, product_id, agent_id, sale_date, quantity, total_amount) VALUES (172, 28, 2, 6, '2024-11-08', 2, 323.5);
INSERT INTO fact_sales (sale_id, customer_id, product_id, agent_id, sale_date, quantity, total_amount) VALUES (173, 16, 6, 3, '2024-10-07', 4, 1805.12);
INSERT INTO fact_sales (sale_id, customer_id, product_id, agent_id, sale_date, quantity, total_amount) VALUES (174, 31, 13, 2, '2025-05-08', 2, 118.7);
INSERT INTO fact_sales (sale_id, customer_id, product_id, agent_id, sale_date, quantity, total_amount) VALUES (175, 33, 5, 9, '2025-06-04', 5, 1183.2);
INSERT INTO fact_sales (sale_id, customer_id, product_id, agent_id, sale_date, quantity, total_amount) VALUES (176, 22, 11, 4, '2024-12-27', 2, 308.42);
INSERT INTO fact_sales (sale_id, customer_id, product_id, agent_id, sale_date, quantity, total_amount) VALUES (177, 26, 3, 1, '2025-05-08', 4, 856.08);
INSERT INTO fact_sales (sale_id, customer_id, product_id, agent_id, sale_date, quantity, total_amount) VALUES (178, 21, 7, 1, '2024-09-22', 1, 407.17);
INSERT INTO fact_sales (sale_id, customer_id, product_id, agent_id, sale_date, quantity, total_amount) VALUES (179, 46, 6, 6, '2024-10-21', 1, 451.28);
INSERT INTO fact_sales (sale_id, customer_id, product_id, agent_id, sale_date, quantity, total_amount) VALUES (180, 12, 6, 7, '2025-05-21', 1, 451.28);
INSERT INTO fact_sales (sale_id, customer_id, product_id, agent_id, sale_date, quantity, total_amount) VALUES (181, 4, 3, 5, '2024-09-25', 2, 428.04);
INSERT INTO fact_sales (sale_id, customer_id, product_id, agent_id, sale_date, quantity, total_amount) VALUES (182, 17, 10, 6, '2024-11-06', 3, 381.81);
INSERT INTO fact_sales (sale_id, customer_id, product_id, agent_id, sale_date, quantity, total_amount) VALUES (183, 27, 16, 6, '2024-08-29', 1, 33.49);
INSERT INTO fact_sales (sale_id, customer_id, product_id, agent_id, sale_date, quantity, total_amount) VALUES (184, 49, 11, 10, '2025-04-01', 5, 771.05);
INSERT INTO fact_sales (sale_id, customer_id, product_id, agent_id, sale_date, quantity, total_amount) VALUES (185, 10, 17, 6, '2024-07-07', 3, 1299.84);
INSERT INTO fact_sales (sale_id, customer_id, product_id, agent_id, sale_date, quantity, total_amount) VALUES (186, 4, 8, 10, '2024-10-24', 5, 1005.65);
INSERT INTO fact_sales (sale_id, customer_id, product_id, agent_id, sale_date, quantity, total_amount) VALUES (187, 30, 12, 4, '2025-02-19', 3, 891.81);
INSERT INTO fact_sales (sale_id, customer_id, product_id, agent_id, sale_date, quantity, total_amount) VALUES (188, 35, 16, 7, '2024-08-02', 3, 100.47);
INSERT INTO fact_sales (sale_id, customer_id, product_id, agent_id, sale_date, quantity, total_amount) VALUES (189, 4, 19, 10, '2024-10-21', 5, 669.3);
INSERT INTO fact_sales (sale_id, customer_id, product_id, agent_id, sale_date, quantity, total_amount) VALUES (190, 17, 14, 4, '2024-10-09', 5, 174.5);
INSERT INTO fact_sales (sale_id, customer_id, product_id, agent_id, sale_date, quantity, total_amount) VALUES (191, 11, 15, 10, '2025-01-18', 4, 1201.76);
INSERT INTO fact_sales (sale_id, customer_id, product_id, agent_id, sale_date, quantity, total_amount) VALUES (192, 1, 2, 4, '2024-10-04', 1, 161.75);
INSERT INTO fact_sales (sale_id, customer_id, product_id, agent_id, sale_date, quantity, total_amount) VALUES (193, 2, 15, 1, '2024-10-12', 2, 600.88);
INSERT INTO fact_sales (sale_id, customer_id, product_id, agent_id, sale_date, quantity, total_amount) VALUES (194, 6, 3, 5, '2024-12-22', 3, 642.06);
INSERT INTO fact_sales (sale_id, customer_id, product_id, agent_id, sale_date, quantity, total_amount) VALUES (195, 47, 15, 3, '2024-07-24', 4, 1201.76);
INSERT INTO fact_sales (sale_id, customer_id, product_id, agent_id, sale_date, quantity, total_amount) VALUES (196, 17, 14, 9, '2025-01-17', 5, 174.5);
INSERT INTO fact_sales (sale_id, customer_id, product_id, agent_id, sale_date, quantity, total_amount) VALUES (197, 46, 11, 4, '2025-02-12', 4, 616.84);
INSERT INTO fact_sales (sale_id, customer_id, product_id, agent_id, sale_date, quantity, total_amount) VALUES (198, 22, 7, 7, '2024-07-29', 5, 2035.85);
INSERT INTO fact_sales (sale_id, customer_id, product_id, agent_id, sale_date, quantity, total_amount) VALUES (199, 41, 18, 3, '2025-04-12', 5, 1372.8);
INSERT INTO fact_sales (sale_id, customer_id, product_id, agent_id, sale_date, quantity, total_amount) VALUES (200, 13, 5, 3, '2025-05-08', 3, 709.92);

-- INSERT INTO fact_payroll
INSERT INTO fact_payroll (payroll_id, employee_id, pay_month, base_salary, bonus, deductions) VALUES (1, 1, '2025-01', 5776.0, 515.59, 341.73);
INSERT INTO fact_payroll (payroll_id, employee_id, pay_month, base_salary, bonus, deductions) VALUES (2, 1, '2025-02', 5776.0, 300.85, 11.62);
INSERT INTO fact_payroll (payroll_id, employee_id, pay_month, base_salary, bonus, deductions) VALUES (3, 1, '2025-03', 5776.0, 877.62, 475.44);
INSERT INTO fact_payroll (payroll_id, employee_id, pay_month, base_salary, bonus, deductions) VALUES (4, 1, '2025-04', 5776.0, 786.01, 541.06);
INSERT INTO fact_payroll (payroll_id, employee_id, pay_month, base_salary, bonus, deductions) VALUES (5, 1, '2025-05', 5776.0, 569.15, 421.11);
INSERT INTO fact_payroll (payroll_id, employee_id, pay_month, base_salary, bonus, deductions) VALUES (6, 1, '2025-06', 5776.0, 64.42, 82.76);
INSERT INTO fact_payroll (payroll_id, employee_id, pay_month, base_salary, bonus, deductions) VALUES (7, 1, '2025-07', 5776.0, 1102.99, 575.0);
INSERT INTO fact_payroll (payroll_id, employee_id, pay_month, base_salary, bonus, deductions) VALUES (8, 1, '2025-08', 5776.0, 340.27, 372.17);
INSERT INTO fact_payroll (payroll_id, employee_id, pay_month, base_salary, bonus, deductions) VALUES (9, 1, '2025-09', 5776.0, 366.46, 294.45);
INSERT INTO fact_payroll (payroll_id, employee_id, pay_month, base_salary, bonus, deductions) VALUES (10, 1, '2025-10', 5776.0, 767.71, 107.53);
INSERT INTO fact_payroll (payroll_id, employee_id, pay_month, base_salary, bonus, deductions) VALUES (11, 1, '2025-11', 5776.0, 812.9, 357.67);
INSERT INTO fact_payroll (payroll_id, employee_id, pay_month, base_salary, bonus, deductions) VALUES (12, 1, '2025-12', 5776.0, 338.89, 559.84);
INSERT INTO fact_payroll (payroll_id, employee_id, pay_month, base_salary, bonus, deductions) VALUES (13, 2, '2025-01', 5865.84, 1088.26, 309.35);
INSERT INTO fact_payroll (payroll_id, employee_id, pay_month, base_salary, bonus, deductions) VALUES (14, 2, '2025-02', 5865.84, 1065.5, 25.23);
INSERT INTO fact_payroll (payroll_id, employee_id, pay_month, base_salary, bonus, deductions) VALUES (15, 2, '2025-03', 5865.84, 851.75, 526.64);
INSERT INTO fact_payroll (payroll_id, employee_id, pay_month, base_salary, bonus, deductions) VALUES (16, 2, '2025-04', 5865.84, 104.44, 178.43);
INSERT INTO fact_payroll (payroll_id, employee_id, pay_month, base_salary, bonus, deductions) VALUES (17, 2, '2025-05', 5865.84, 78.72, 266.03);
INSERT INTO fact_payroll (payroll_id, employee_id, pay_month, base_salary, bonus, deductions) VALUES (18, 2, '2025-06', 5865.84, 402.58, 139.87);
INSERT INTO fact_payroll (payroll_id, employee_id, pay_month, base_salary, bonus, deductions) VALUES (19, 2, '2025-07', 5865.84, 431.92, 528.72);
INSERT INTO fact_payroll (payroll_id, employee_id, pay_month, base_salary, bonus, deductions) VALUES (20, 2, '2025-08', 5865.84, 54.19, 422.24);
INSERT INTO fact_payroll (payroll_id, employee_id, pay_month, base_salary, bonus, deductions) VALUES (21, 2, '2025-09', 5865.84, 209.13, 532.27);
INSERT INTO fact_payroll (payroll_id, employee_id, pay_month, base_salary, bonus, deductions) VALUES (22, 2, '2025-10', 5865.84, 645.21, 458.72);
INSERT INTO fact_payroll (payroll_id, employee_id, pay_month, base_salary, bonus, deductions) VALUES (23, 2, '2025-11', 5865.84, 139.98, 32.31);
INSERT INTO fact_payroll (payroll_id, employee_id, pay_month, base_salary, bonus, deductions) VALUES (24, 2, '2025-12', 5865.84, 350.1, 476.34);
INSERT INTO fact_payroll (payroll_id, employee_id, pay_month, base_salary, bonus, deductions) VALUES (25, 3, '2025-01', 7275.99, 632.88, 412.43);
INSERT INTO fact_payroll (payroll_id, employee_id, pay_month, base_salary, bonus, deductions) VALUES (26, 3, '2025-02', 7275.99, 1123.9, 500.51);
INSERT INTO fact_payroll (payroll_id, employee_id, pay_month, base_salary, bonus, deductions) VALUES (27, 3, '2025-03', 7275.99, 1194.47, 497.67);
INSERT INTO fact_payroll (payroll_id, employee_id, pay_month, base_salary, bonus, deductions) VALUES (28, 3, '2025-04', 7275.99, 720.45, 190.76);
INSERT INTO fact_payroll (payroll_id, employee_id, pay_month, base_salary, bonus, deductions) VALUES (29, 3, '2025-05', 7275.99, 1.03, 313.53);
INSERT INTO fact_payroll (payroll_id, employee_id, pay_month, base_salary, bonus, deductions) VALUES (30, 3, '2025-06', 7275.99, 1003.44, 378.53);
INSERT INTO fact_payroll (payroll_id, employee_id, pay_month, base_salary, bonus, deductions) VALUES (31, 3, '2025-07', 7275.99, 1289.16, 440.41);
INSERT INTO fact_payroll (payroll_id, employee_id, pay_month, base_salary, bonus, deductions) VALUES (32, 3, '2025-08', 7275.99, 867.46, 310.41);
INSERT INTO fact_payroll (payroll_id, employee_id, pay_month, base_salary, bonus, deductions) VALUES (33, 3, '2025-09', 7275.99, 821.3, 507.14);
INSERT INTO fact_payroll (payroll_id, employee_id, pay_month, base_salary, bonus, deductions) VALUES (34, 3, '2025-10', 7275.99, 719.48, 565.21);
INSERT INTO fact_payroll (payroll_id, employee_id, pay_month, base_salary, bonus, deductions) VALUES (35, 3, '2025-11', 7275.99, 568.27, 35.14);
INSERT INTO fact_payroll (payroll_id, employee_id, pay_month, base_salary, bonus, deductions) VALUES (36, 3, '2025-12', 7275.99, 516.21, 345.25);
INSERT INTO fact_payroll (payroll_id, employee_id, pay_month, base_salary, bonus, deductions) VALUES (37, 4, '2025-01', 4730.88, 304.15, 265.45);
INSERT INTO fact_payroll (payroll_id, employee_id, pay_month, base_salary, bonus, deductions) VALUES (38, 4, '2025-02', 4730.88, 417.01, 138.38);
INSERT INTO fact_payroll (payroll_id, employee_id, pay_month, base_salary, bonus, deductions) VALUES (39, 4, '2025-03', 4730.88, 615.6, 341.42);
INSERT INTO fact_payroll (payroll_id, employee_id, pay_month, base_salary, bonus, deductions) VALUES (40, 4, '2025-04', 4730.88, 178.98, 300.66);
INSERT INTO fact_payroll (payroll_id, employee_id, pay_month, base_salary, bonus, deductions) VALUES (41, 4, '2025-05', 4730.88, 519.83, 443.5);
INSERT INTO fact_payroll (payroll_id, employee_id, pay_month, base_salary, bonus, deductions) VALUES (42, 4, '2025-06', 4730.88, 92.36, 262.25);
INSERT INTO fact_payroll (payroll_id, employee_id, pay_month, base_salary, bonus, deductions) VALUES (43, 4, '2025-07', 4730.88, 831.04, 325.02);
INSERT INTO fact_payroll (payroll_id, employee_id, pay_month, base_salary, bonus, deductions) VALUES (44, 4, '2025-08', 4730.88, 872.74, 352.07);
INSERT INTO fact_payroll (payroll_id, employee_id, pay_month, base_salary, bonus, deductions) VALUES (45, 4, '2025-09', 4730.88, 99.72, 408.83);
INSERT INTO fact_payroll (payroll_id, employee_id, pay_month, base_salary, bonus, deductions) VALUES (46, 4, '2025-10', 4730.88, 834.95, 130.78);
INSERT INTO fact_payroll (payroll_id, employee_id, pay_month, base_salary, bonus, deductions) VALUES (47, 4, '2025-11', 4730.88, 284.17, 158.55);
INSERT INTO fact_payroll (payroll_id, employee_id, pay_month, base_salary, bonus, deductions) VALUES (48, 4, '2025-12', 4730.88, 618.11, 247.15);
INSERT INTO fact_payroll (payroll_id, employee_id, pay_month, base_salary, bonus, deductions) VALUES (49, 5, '2025-01', 3849.04, 315.77, 314.92);
INSERT INTO fact_payroll (payroll_id, employee_id, pay_month, base_salary, bonus, deductions) VALUES (50, 5, '2025-02', 3849.04, 726.2, 72.22);
INSERT INTO fact_payroll (payroll_id, employee_id, pay_month, base_salary, bonus, deductions) VALUES (51, 5, '2025-03', 3849.04, 726.35, 357.4);
INSERT INTO fact_payroll (payroll_id, employee_id, pay_month, base_salary, bonus, deductions) VALUES (52, 5, '2025-04', 3849.04, 132.95, 337.74);
INSERT INTO fact_payroll (payroll_id, employee_id, pay_month, base_salary, bonus, deductions) VALUES (53, 5, '2025-05', 3849.04, 148.23, 365.14);
INSERT INTO fact_payroll (payroll_id, employee_id, pay_month, base_salary, bonus, deductions) VALUES (54, 5, '2025-06', 3849.04, 134.52, 258.72);
INSERT INTO fact_payroll (payroll_id, employee_id, pay_month, base_salary, bonus, deductions) VALUES (55, 5, '2025-07', 3849.04, 111.06, 105.17);
INSERT INTO fact_payroll (payroll_id, employee_id, pay_month, base_salary, bonus, deductions) VALUES (56, 5, '2025-08', 3849.04, 450.67, 262.64);
INSERT INTO fact_payroll (payroll_id, employee_id, pay_month, base_salary, bonus, deductions) VALUES (57, 5, '2025-09', 3849.04, 63.85, 197.05);
INSERT INTO fact_payroll (payroll_id, employee_id, pay_month, base_salary, bonus, deductions) VALUES (58, 5, '2025-10', 3849.04, 650.67, 65.38);
INSERT INTO fact_payroll (payroll_id, employee_id, pay_month, base_salary, bonus, deductions) VALUES (59, 5, '2025-11', 3849.04, 580.29, 155.3);
INSERT INTO fact_payroll (payroll_id, employee_id, pay_month, base_salary, bonus, deductions) VALUES (60, 5, '2025-12', 3849.04, 584.9, 247.29);
INSERT INTO fact_payroll (payroll_id, employee_id, pay_month, base_salary, bonus, deductions) VALUES (61, 6, '2025-01', 4692.96, 146.23, 281.45);
INSERT INTO fact_payroll (payroll_id, employee_id, pay_month, base_salary, bonus, deductions) VALUES (62, 6, '2025-02', 4692.96, 899.43, 363.24);
INSERT INTO fact_payroll (payroll_id, employee_id, pay_month, base_salary, bonus, deductions) VALUES (63, 6, '2025-03', 4692.96, 266.68, 242.71);
INSERT INTO fact_payroll (payroll_id, employee_id, pay_month, base_salary, bonus, deductions) VALUES (64, 6, '2025-04', 4692.96, 314.92, 246.86);
INSERT INTO fact_payroll (payroll_id, employee_id, pay_month, base_salary, bonus, deductions) VALUES (65, 6, '2025-05', 4692.96, 22.18, 416.07);
INSERT INTO fact_payroll (payroll_id, employee_id, pay_month, base_salary, bonus, deductions) VALUES (66, 6, '2025-06', 4692.96, 814.27, 100.28);
INSERT INTO fact_payroll (payroll_id, employee_id, pay_month, base_salary, bonus, deductions) VALUES (67, 6, '2025-07', 4692.96, 11.48, 236.13);
INSERT INTO fact_payroll (payroll_id, employee_id, pay_month, base_salary, bonus, deductions) VALUES (68, 6, '2025-08', 4692.96, 386.86, 22.97);
INSERT INTO fact_payroll (payroll_id, employee_id, pay_month, base_salary, bonus, deductions) VALUES (69, 6, '2025-09', 4692.96, 783.73, 420.03);
INSERT INTO fact_payroll (payroll_id, employee_id, pay_month, base_salary, bonus, deductions) VALUES (70, 6, '2025-10', 4692.96, 140.65, 108.01);
INSERT INTO fact_payroll (payroll_id, employee_id, pay_month, base_salary, bonus, deductions) VALUES (71, 6, '2025-11', 4692.96, 288.97, 164.27);
INSERT INTO fact_payroll (payroll_id, employee_id, pay_month, base_salary, bonus, deductions) VALUES (72, 6, '2025-12', 4692.96, 101.09, 337.06);
INSERT INTO fact_payroll (payroll_id, employee_id, pay_month, base_salary, bonus, deductions) VALUES (73, 7, '2025-01', 3187.03, 385.39, 272.26);
INSERT INTO fact_payroll (payroll_id, employee_id, pay_month, base_salary, bonus, deductions) VALUES (74, 7, '2025-02', 3187.03, 123.37, 2.94);
INSERT INTO fact_payroll (payroll_id, employee_id, pay_month, base_salary, bonus, deductions) VALUES (75, 7, '2025-03', 3187.03, 278.71, 188.91);
INSERT INTO fact_payroll (payroll_id, employee_id, pay_month, base_salary, bonus, deductions) VALUES (76, 7, '2025-04', 3187.03, 264.09, 229.03);
INSERT INTO fact_payroll (payroll_id, employee_id, pay_month, base_salary, bonus, deductions) VALUES (77, 7, '2025-05', 3187.03, 346.9, 73.58);
INSERT INTO fact_payroll (payroll_id, employee_id, pay_month, base_salary, bonus, deductions) VALUES (78, 7, '2025-06', 3187.03, 197.46, 119.37);
INSERT INTO fact_payroll (payroll_id, employee_id, pay_month, base_salary, bonus, deductions) VALUES (79, 7, '2025-07', 3187.03, 354.12, 146.05);
INSERT INTO fact_payroll (payroll_id, employee_id, pay_month, base_salary, bonus, deductions) VALUES (80, 7, '2025-08', 3187.03, 216.23, 6.9);
INSERT INTO fact_payroll (payroll_id, employee_id, pay_month, base_salary, bonus, deductions) VALUES (81, 7, '2025-09', 3187.03, 68.19, 222.35);
INSERT INTO fact_payroll (payroll_id, employee_id, pay_month, base_salary, bonus, deductions) VALUES (82, 7, '2025-10', 3187.03, 115.5, 42.1);
INSERT INTO fact_payroll (payroll_id, employee_id, pay_month, base_salary, bonus, deductions) VALUES (83, 7, '2025-11', 3187.03, 199.79, 53.2);
INSERT INTO fact_payroll (payroll_id, employee_id, pay_month, base_salary, bonus, deductions) VALUES (84, 7, '2025-12', 3187.03, 151.51, 126.7);
INSERT INTO fact_payroll (payroll_id, employee_id, pay_month, base_salary, bonus, deductions) VALUES (85, 8, '2025-01', 7636.1, 1379.29, 691.48);
INSERT INTO fact_payroll (payroll_id, employee_id, pay_month, base_salary, bonus, deductions) VALUES (86, 8, '2025-02', 7636.1, 578.82, 173.6);
INSERT INTO fact_payroll (payroll_id, employee_id, pay_month, base_salary, bonus, deductions) VALUES (87, 8, '2025-03', 7636.1, 1177.96, 271.34);
INSERT INTO fact_payroll (payroll_id, employee_id, pay_month, base_salary, bonus, deductions) VALUES (88, 8, '2025-04', 7636.1, 852.83, 426.69);
INSERT INTO fact_payroll (payroll_id, employee_id, pay_month, base_salary, bonus, deductions) VALUES (89, 8, '2025-05', 7636.1, 1349.15, 98.77);
INSERT INTO fact_payroll (payroll_id, employee_id, pay_month, base_salary, bonus, deductions) VALUES (90, 8, '2025-06', 7636.1, 905.75, 326.2);
INSERT INTO fact_payroll (payroll_id, employee_id, pay_month, base_salary, bonus, deductions) VALUES (91, 8, '2025-07', 7636.1, 991.6, 101.41);
INSERT INTO fact_payroll (payroll_id, employee_id, pay_month, base_salary, bonus, deductions) VALUES (92, 8, '2025-08', 7636.1, 657.07, 90.05);
INSERT INTO fact_payroll (payroll_id, employee_id, pay_month, base_salary, bonus, deductions) VALUES (93, 8, '2025-09', 7636.1, 91.97, 204.83);
INSERT INTO fact_payroll (payroll_id, employee_id, pay_month, base_salary, bonus, deductions) VALUES (94, 8, '2025-10', 7636.1, 907.25, 367.73);
INSERT INTO fact_payroll (payroll_id, employee_id, pay_month, base_salary, bonus, deductions) VALUES (95, 8, '2025-11', 7636.1, 641.61, 677.64);
INSERT INTO fact_payroll (payroll_id, employee_id, pay_month, base_salary, bonus, deductions) VALUES (96, 8, '2025-12', 7636.1, 7.33, 85.24);
INSERT INTO fact_payroll (payroll_id, employee_id, pay_month, base_salary, bonus, deductions) VALUES (97, 9, '2025-01', 7168.33, 857.31, 653.63);
INSERT INTO fact_payroll (payroll_id, employee_id, pay_month, base_salary, bonus, deductions) VALUES (98, 9, '2025-02', 7168.33, 1351.32, 215.53);
INSERT INTO fact_payroll (payroll_id, employee_id, pay_month, base_salary, bonus, deductions) VALUES (99, 9, '2025-03', 7168.33, 70.66, 422.83);
INSERT INTO fact_payroll (payroll_id, employee_id, pay_month, base_salary, bonus, deductions) VALUES (100, 9, '2025-04', 7168.33, 989.44, 166.19);
INSERT INTO fact_payroll (payroll_id, employee_id, pay_month, base_salary, bonus, deductions) VALUES (101, 9, '2025-05', 7168.33, 829.39, 359.28);
INSERT INTO fact_payroll (payroll_id, employee_id, pay_month, base_salary, bonus, deductions) VALUES (102, 9, '2025-06', 7168.33, 816.99, 638.47);
INSERT INTO fact_payroll (payroll_id, employee_id, pay_month, base_salary, bonus, deductions) VALUES (103, 9, '2025-07', 7168.33, 635.51, 437.96);
INSERT INTO fact_payroll (payroll_id, employee_id, pay_month, base_salary, bonus, deductions) VALUES (104, 9, '2025-08', 7168.33, 1298.16, 20.43);
INSERT INTO fact_payroll (payroll_id, employee_id, pay_month, base_salary, bonus, deductions) VALUES (105, 9, '2025-09', 7168.33, 373.36, 556.42);
INSERT INTO fact_payroll (payroll_id, employee_id, pay_month, base_salary, bonus, deductions) VALUES (106, 9, '2025-10', 7168.33, 1082.6, 2.95);
INSERT INTO fact_payroll (payroll_id, employee_id, pay_month, base_salary, bonus, deductions) VALUES (107, 9, '2025-11', 7168.33, 1000.61, 426.7);
INSERT INTO fact_payroll (payroll_id, employee_id, pay_month, base_salary, bonus, deductions) VALUES (108, 9, '2025-12', 7168.33, 1083.01, 159.14);
INSERT INTO fact_payroll (payroll_id, employee_id, pay_month, base_salary, bonus, deductions) VALUES (109, 10, '2025-01', 4003.56, 75.21, 351.4);
INSERT INTO fact_payroll (payroll_id, employee_id, pay_month, base_salary, bonus, deductions) VALUES (110, 10, '2025-02', 4003.56, 302.41, 45.95);
INSERT INTO fact_payroll (payroll_id, employee_id, pay_month, base_salary, bonus, deductions) VALUES (111, 10, '2025-03', 4003.56, 396.09, 329.01);
INSERT INTO fact_payroll (payroll_id, employee_id, pay_month, base_salary, bonus, deductions) VALUES (112, 10, '2025-04', 4003.56, 495.33, 244.71);
INSERT INTO fact_payroll (payroll_id, employee_id, pay_month, base_salary, bonus, deductions) VALUES (113, 10, '2025-05', 4003.56, 307.46, 330.52);
INSERT INTO fact_payroll (payroll_id, employee_id, pay_month, base_salary, bonus, deductions) VALUES (114, 10, '2025-06', 4003.56, 453.03, 22.89);
INSERT INTO fact_payroll (payroll_id, employee_id, pay_month, base_salary, bonus, deductions) VALUES (115, 10, '2025-07', 4003.56, 770.11, 277.76);
INSERT INTO fact_payroll (payroll_id, employee_id, pay_month, base_salary, bonus, deductions) VALUES (116, 10, '2025-08', 4003.56, 15.83, 277.94);
INSERT INTO fact_payroll (payroll_id, employee_id, pay_month, base_salary, bonus, deductions) VALUES (117, 10, '2025-09', 4003.56, 690.63, 241.76);
INSERT INTO fact_payroll (payroll_id, employee_id, pay_month, base_salary, bonus, deductions) VALUES (118, 10, '2025-10', 4003.56, 35.14, 260.62);
INSERT INTO fact_payroll (payroll_id, employee_id, pay_month, base_salary, bonus, deductions) VALUES (119, 10, '2025-11', 4003.56, 94.88, 50.29);
INSERT INTO fact_payroll (payroll_id, employee_id, pay_month, base_salary, bonus, deductions) VALUES (120, 10, '2025-12', 4003.56, 203.97, 33.12);
INSERT INTO fact_payroll (payroll_id, employee_id, pay_month, base_salary, bonus, deductions) VALUES (121, 11, '2025-01', 6565.69, 59.86, 605.53);
INSERT INTO fact_payroll (payroll_id, employee_id, pay_month, base_salary, bonus, deductions) VALUES (122, 11, '2025-02', 6565.69, 623.48, 470.17);
INSERT INTO fact_payroll (payroll_id, employee_id, pay_month, base_salary, bonus, deductions) VALUES (123, 11, '2025-03', 6565.69, 679.86, 469.39);
INSERT INTO fact_payroll (payroll_id, employee_id, pay_month, base_salary, bonus, deductions) VALUES (124, 11, '2025-04', 6565.69, 829.22, 112.26);
INSERT INTO fact_payroll (payroll_id, employee_id, pay_month, base_salary, bonus, deductions) VALUES (125, 11, '2025-05', 6565.69, 686.5, 128.23);
INSERT INTO fact_payroll (payroll_id, employee_id, pay_month, base_salary, bonus, deductions) VALUES (126, 11, '2025-06', 6565.69, 949.44, 367.87);
INSERT INTO fact_payroll (payroll_id, employee_id, pay_month, base_salary, bonus, deductions) VALUES (127, 11, '2025-07', 6565.69, 1069.0, 403.56);
INSERT INTO fact_payroll (payroll_id, employee_id, pay_month, base_salary, bonus, deductions) VALUES (128, 11, '2025-08', 6565.69, 1029.11, 516.69);
INSERT INTO fact_payroll (payroll_id, employee_id, pay_month, base_salary, bonus, deductions) VALUES (129, 11, '2025-09', 6565.69, 455.25, 114.2);
INSERT INTO fact_payroll (payroll_id, employee_id, pay_month, base_salary, bonus, deductions) VALUES (130, 11, '2025-10', 6565.69, 330.61, 417.92);
INSERT INTO fact_payroll (payroll_id, employee_id, pay_month, base_salary, bonus, deductions) VALUES (131, 11, '2025-11', 6565.69, 655.48, 334.04);
INSERT INTO fact_payroll (payroll_id, employee_id, pay_month, base_salary, bonus, deductions) VALUES (132, 11, '2025-12', 6565.69, 356.32, 164.84);
INSERT INTO fact_payroll (payroll_id, employee_id, pay_month, base_salary, bonus, deductions) VALUES (133, 12, '2025-01', 7728.06, 588.65, 199.67);
INSERT INTO fact_payroll (payroll_id, employee_id, pay_month, base_salary, bonus, deductions) VALUES (134, 12, '2025-02', 7728.06, 803.25, 357.51);
INSERT INTO fact_payroll (payroll_id, employee_id, pay_month, base_salary, bonus, deductions) VALUES (135, 12, '2025-03', 7728.06, 1183.21, 54.07);
INSERT INTO fact_payroll (payroll_id, employee_id, pay_month, base_salary, bonus, deductions) VALUES (136, 12, '2025-04', 7728.06, 735.98, 419.78);
INSERT INTO fact_payroll (payroll_id, employee_id, pay_month, base_salary, bonus, deductions) VALUES (137, 12, '2025-05', 7728.06, 1262.92, 3.98);
INSERT INTO fact_payroll (payroll_id, employee_id, pay_month, base_salary, bonus, deductions) VALUES (138, 12, '2025-06', 7728.06, 866.67, 735.59);
INSERT INTO fact_payroll (payroll_id, employee_id, pay_month, base_salary, bonus, deductions) VALUES (139, 12, '2025-07', 7728.06, 845.57, 92.2);
INSERT INTO fact_payroll (payroll_id, employee_id, pay_month, base_salary, bonus, deductions) VALUES (140, 12, '2025-08', 7728.06, 216.63, 729.92);
INSERT INTO fact_payroll (payroll_id, employee_id, pay_month, base_salary, bonus, deductions) VALUES (141, 12, '2025-09', 7728.06, 221.0, 693.81);
INSERT INTO fact_payroll (payroll_id, employee_id, pay_month, base_salary, bonus, deductions) VALUES (142, 12, '2025-10', 7728.06, 1544.57, 679.04);
INSERT INTO fact_payroll (payroll_id, employee_id, pay_month, base_salary, bonus, deductions) VALUES (143, 12, '2025-11', 7728.06, 646.43, 671.58);
INSERT INTO fact_payroll (payroll_id, employee_id, pay_month, base_salary, bonus, deductions) VALUES (144, 12, '2025-12', 7728.06, 1153.92, 619.99);
INSERT INTO fact_payroll (payroll_id, employee_id, pay_month, base_salary, bonus, deductions) VALUES (145, 13, '2025-01', 4392.44, 186.04, 156.22);
INSERT INTO fact_payroll (payroll_id, employee_id, pay_month, base_salary, bonus, deductions) VALUES (146, 13, '2025-02', 4392.44, 510.02, 311.44);
INSERT INTO fact_payroll (payroll_id, employee_id, pay_month, base_salary, bonus, deductions) VALUES (147, 13, '2025-03', 4392.44, 266.73, 24.49);
INSERT INTO fact_payroll (payroll_id, employee_id, pay_month, base_salary, bonus, deductions) VALUES (148, 13, '2025-04', 4392.44, 163.61, 361.84);
INSERT INTO fact_payroll (payroll_id, employee_id, pay_month, base_salary, bonus, deductions) VALUES (149, 13, '2025-05', 4392.44, 817.37, 325.92);
INSERT INTO fact_payroll (payroll_id, employee_id, pay_month, base_salary, bonus, deductions) VALUES (150, 13, '2025-06', 4392.44, 526.03, 273.19);
INSERT INTO fact_payroll (payroll_id, employee_id, pay_month, base_salary, bonus, deductions) VALUES (151, 13, '2025-07', 4392.44, 849.77, 142.05);
INSERT INTO fact_payroll (payroll_id, employee_id, pay_month, base_salary, bonus, deductions) VALUES (152, 13, '2025-08', 4392.44, 35.67, 200.15);
INSERT INTO fact_payroll (payroll_id, employee_id, pay_month, base_salary, bonus, deductions) VALUES (153, 13, '2025-09', 4392.44, 632.33, 80.99);
INSERT INTO fact_payroll (payroll_id, employee_id, pay_month, base_salary, bonus, deductions) VALUES (154, 13, '2025-10', 4392.44, 530.02, 65.2);
INSERT INTO fact_payroll (payroll_id, employee_id, pay_month, base_salary, bonus, deductions) VALUES (155, 13, '2025-11', 4392.44, 316.43, 105.98);
INSERT INTO fact_payroll (payroll_id, employee_id, pay_month, base_salary, bonus, deductions) VALUES (156, 13, '2025-12', 4392.44, 268.62, 299.18);
INSERT INTO fact_payroll (payroll_id, employee_id, pay_month, base_salary, bonus, deductions) VALUES (157, 14, '2025-01', 5219.62, 649.47, 13.89);
INSERT INTO fact_payroll (payroll_id, employee_id, pay_month, base_salary, bonus, deductions) VALUES (158, 14, '2025-02', 5219.62, 411.58, 428.18);
INSERT INTO fact_payroll (payroll_id, employee_id, pay_month, base_salary, bonus, deductions) VALUES (159, 14, '2025-03', 5219.62, 168.5, 66.31);
INSERT INTO fact_payroll (payroll_id, employee_id, pay_month, base_salary, bonus, deductions) VALUES (160, 14, '2025-04', 5219.62, 246.39, 493.05);
INSERT INTO fact_payroll (payroll_id, employee_id, pay_month, base_salary, bonus, deductions) VALUES (161, 14, '2025-05', 5219.62, 462.19, 331.63);
INSERT INTO fact_payroll (payroll_id, employee_id, pay_month, base_salary, bonus, deductions) VALUES (162, 14, '2025-06', 5219.62, 642.19, 63.94);
INSERT INTO fact_payroll (payroll_id, employee_id, pay_month, base_salary, bonus, deductions) VALUES (163, 14, '2025-07', 5219.62, 467.34, 91.38);
INSERT INTO fact_payroll (payroll_id, employee_id, pay_month, base_salary, bonus, deductions) VALUES (164, 14, '2025-08', 5219.62, 428.67, 447.68);
INSERT INTO fact_payroll (payroll_id, employee_id, pay_month, base_salary, bonus, deductions) VALUES (165, 14, '2025-09', 5219.62, 173.46, 172.94);
INSERT INTO fact_payroll (payroll_id, employee_id, pay_month, base_salary, bonus, deductions) VALUES (166, 14, '2025-10', 5219.62, 476.68, 40.32);
INSERT INTO fact_payroll (payroll_id, employee_id, pay_month, base_salary, bonus, deductions) VALUES (167, 14, '2025-11', 5219.62, 199.55, 371.57);
INSERT INTO fact_payroll (payroll_id, employee_id, pay_month, base_salary, bonus, deductions) VALUES (168, 14, '2025-12', 5219.62, 135.34, 300.27);
INSERT INTO fact_payroll (payroll_id, employee_id, pay_month, base_salary, bonus, deductions) VALUES (169, 15, '2025-01', 3225.08, 601.21, 155.45);
INSERT INTO fact_payroll (payroll_id, employee_id, pay_month, base_salary, bonus, deductions) VALUES (170, 15, '2025-02', 3225.08, 260.6, 160.38);
INSERT INTO fact_payroll (payroll_id, employee_id, pay_month, base_salary, bonus, deductions) VALUES (171, 15, '2025-03', 3225.08, 86.79, 279.06);
INSERT INTO fact_payroll (payroll_id, employee_id, pay_month, base_salary, bonus, deductions) VALUES (172, 15, '2025-04', 3225.08, 632.89, 25.03);
INSERT INTO fact_payroll (payroll_id, employee_id, pay_month, base_salary, bonus, deductions) VALUES (173, 15, '2025-05', 3225.08, 495.29, 66.23);
INSERT INTO fact_payroll (payroll_id, employee_id, pay_month, base_salary, bonus, deductions) VALUES (174, 15, '2025-06', 3225.08, 69.68, 223.04);
INSERT INTO fact_payroll (payroll_id, employee_id, pay_month, base_salary, bonus, deductions) VALUES (175, 15, '2025-07', 3225.08, 23.84, 38.5);
INSERT INTO fact_payroll (payroll_id, employee_id, pay_month, base_salary, bonus, deductions) VALUES (176, 15, '2025-08', 3225.08, 416.55, 175.45);
INSERT INTO fact_payroll (payroll_id, employee_id, pay_month, base_salary, bonus, deductions) VALUES (177, 15, '2025-09', 3225.08, 454.54, 56.06);
INSERT INTO fact_payroll (payroll_id, employee_id, pay_month, base_salary, bonus, deductions) VALUES (178, 15, '2025-10', 3225.08, 73.82, 252.3);
INSERT INTO fact_payroll (payroll_id, employee_id, pay_month, base_salary, bonus, deductions) VALUES (179, 15, '2025-11', 3225.08, 430.92, 77.77);
INSERT INTO fact_payroll (payroll_id, employee_id, pay_month, base_salary, bonus, deductions) VALUES (180, 15, '2025-12', 3225.08, 250.78, 71.21);
INSERT INTO fact_payroll (payroll_id, employee_id, pay_month, base_salary, bonus, deductions) VALUES (181, 16, '2025-01', 4637.63, 405.51, 420.49);
INSERT INTO fact_payroll (payroll_id, employee_id, pay_month, base_salary, bonus, deductions) VALUES (182, 16, '2025-02', 4637.63, 536.67, 105.65);
INSERT INTO fact_payroll (payroll_id, employee_id, pay_month, base_salary, bonus, deductions) VALUES (183, 16, '2025-03', 4637.63, 638.08, 12.47);
INSERT INTO fact_payroll (payroll_id, employee_id, pay_month, base_salary, bonus, deductions) VALUES (184, 16, '2025-04', 4637.63, 701.38, 212.29);
INSERT INTO fact_payroll (payroll_id, employee_id, pay_month, base_salary, bonus, deductions) VALUES (185, 16, '2025-05', 4637.63, 872.99, 163.73);
INSERT INTO fact_payroll (payroll_id, employee_id, pay_month, base_salary, bonus, deductions) VALUES (186, 16, '2025-06', 4637.63, 693.01, 320.36);
INSERT INTO fact_payroll (payroll_id, employee_id, pay_month, base_salary, bonus, deductions) VALUES (187, 16, '2025-07', 4637.63, 168.26, 179.95);
INSERT INTO fact_payroll (payroll_id, employee_id, pay_month, base_salary, bonus, deductions) VALUES (188, 16, '2025-08', 4637.63, 699.53, 413.37);
INSERT INTO fact_payroll (payroll_id, employee_id, pay_month, base_salary, bonus, deductions) VALUES (189, 16, '2025-09', 4637.63, 109.73, 456.65);
INSERT INTO fact_payroll (payroll_id, employee_id, pay_month, base_salary, bonus, deductions) VALUES (190, 16, '2025-10', 4637.63, 305.93, 401.41);
INSERT INTO fact_payroll (payroll_id, employee_id, pay_month, base_salary, bonus, deductions) VALUES (191, 16, '2025-11', 4637.63, 752.8, 155.42);
INSERT INTO fact_payroll (payroll_id, employee_id, pay_month, base_salary, bonus, deductions) VALUES (192, 16, '2025-12', 4637.63, 23.03, 179.02);
INSERT INTO fact_payroll (payroll_id, employee_id, pay_month, base_salary, bonus, deductions) VALUES (193, 17, '2025-01', 7172.43, 92.78, 606.45);
INSERT INTO fact_payroll (payroll_id, employee_id, pay_month, base_salary, bonus, deductions) VALUES (194, 17, '2025-02', 7172.43, 402.51, 528.05);
INSERT INTO fact_payroll (payroll_id, employee_id, pay_month, base_salary, bonus, deductions) VALUES (195, 17, '2025-03', 7172.43, 688.04, 318.51);
INSERT INTO fact_payroll (payroll_id, employee_id, pay_month, base_salary, bonus, deductions) VALUES (196, 17, '2025-04', 7172.43, 669.57, 513.38);
INSERT INTO fact_payroll (payroll_id, employee_id, pay_month, base_salary, bonus, deductions) VALUES (197, 17, '2025-05', 7172.43, 1244.75, 500.25);
INSERT INTO fact_payroll (payroll_id, employee_id, pay_month, base_salary, bonus, deductions) VALUES (198, 17, '2025-06', 7172.43, 725.74, 229.43);
INSERT INTO fact_payroll (payroll_id, employee_id, pay_month, base_salary, bonus, deductions) VALUES (199, 17, '2025-07', 7172.43, 1430.51, 639.7);
INSERT INTO fact_payroll (payroll_id, employee_id, pay_month, base_salary, bonus, deductions) VALUES (200, 17, '2025-08', 7172.43, 775.96, 706.98);
INSERT INTO fact_payroll (payroll_id, employee_id, pay_month, base_salary, bonus, deductions) VALUES (201, 17, '2025-09', 7172.43, 1338.44, 33.52);
INSERT INTO fact_payroll (payroll_id, employee_id, pay_month, base_salary, bonus, deductions) VALUES (202, 17, '2025-10', 7172.43, 1065.71, 193.33);
INSERT INTO fact_payroll (payroll_id, employee_id, pay_month, base_salary, bonus, deductions) VALUES (203, 17, '2025-11', 7172.43, 107.58, 73.11);
INSERT INTO fact_payroll (payroll_id, employee_id, pay_month, base_salary, bonus, deductions) VALUES (204, 17, '2025-12', 7172.43, 413.81, 36.57);
INSERT INTO fact_payroll (payroll_id, employee_id, pay_month, base_salary, bonus, deductions) VALUES (205, 18, '2025-01', 5359.82, 465.03, 133.28);
INSERT INTO fact_payroll (payroll_id, employee_id, pay_month, base_salary, bonus, deductions) VALUES (206, 18, '2025-02', 5359.82, 986.48, 511.14);
INSERT INTO fact_payroll (payroll_id, employee_id, pay_month, base_salary, bonus, deductions) VALUES (207, 18, '2025-03', 5359.82, 439.39, 57.78);
INSERT INTO fact_payroll (payroll_id, employee_id, pay_month, base_salary, bonus, deductions) VALUES (208, 18, '2025-04', 5359.82, 139.07, 492.09);
INSERT INTO fact_payroll (payroll_id, employee_id, pay_month, base_salary, bonus, deductions) VALUES (209, 18, '2025-05', 5359.82, 1057.11, 303.25);
INSERT INTO fact_payroll (payroll_id, employee_id, pay_month, base_salary, bonus, deductions) VALUES (210, 18, '2025-06', 5359.82, 688.05, 74.18);
INSERT INTO fact_payroll (payroll_id, employee_id, pay_month, base_salary, bonus, deductions) VALUES (211, 18, '2025-07', 5359.82, 1004.92, 372.94);
INSERT INTO fact_payroll (payroll_id, employee_id, pay_month, base_salary, bonus, deductions) VALUES (212, 18, '2025-08', 5359.82, 789.59, 437.37);
INSERT INTO fact_payroll (payroll_id, employee_id, pay_month, base_salary, bonus, deductions) VALUES (213, 18, '2025-09', 5359.82, 1031.1, 336.28);
INSERT INTO fact_payroll (payroll_id, employee_id, pay_month, base_salary, bonus, deductions) VALUES (214, 18, '2025-10', 5359.82, 596.45, 60.28);
INSERT INTO fact_payroll (payroll_id, employee_id, pay_month, base_salary, bonus, deductions) VALUES (215, 18, '2025-11', 5359.82, 523.37, 51.36);
INSERT INTO fact_payroll (payroll_id, employee_id, pay_month, base_salary, bonus, deductions) VALUES (216, 18, '2025-12', 5359.82, 678.55, 108.23);
INSERT INTO fact_payroll (payroll_id, employee_id, pay_month, base_salary, bonus, deductions) VALUES (217, 19, '2025-01', 5582.17, 493.92, 238.08);
INSERT INTO fact_payroll (payroll_id, employee_id, pay_month, base_salary, bonus, deductions) VALUES (218, 19, '2025-02', 5582.17, 360.5, 71.7);
INSERT INTO fact_payroll (payroll_id, employee_id, pay_month, base_salary, bonus, deductions) VALUES (219, 19, '2025-03', 5582.17, 764.51, 386.97);
INSERT INTO fact_payroll (payroll_id, employee_id, pay_month, base_salary, bonus, deductions) VALUES (220, 19, '2025-04', 5582.17, 394.89, 540.77);
INSERT INTO fact_payroll (payroll_id, employee_id, pay_month, base_salary, bonus, deductions) VALUES (221, 19, '2025-05', 5582.17, 44.31, 379.15);
INSERT INTO fact_payroll (payroll_id, employee_id, pay_month, base_salary, bonus, deductions) VALUES (222, 19, '2025-06', 5582.17, 235.95, 188.13);
INSERT INTO fact_payroll (payroll_id, employee_id, pay_month, base_salary, bonus, deductions) VALUES (223, 19, '2025-07', 5582.17, 937.73, 213.27);
INSERT INTO fact_payroll (payroll_id, employee_id, pay_month, base_salary, bonus, deductions) VALUES (224, 19, '2025-08', 5582.17, 76.41, 478.96);
INSERT INTO fact_payroll (payroll_id, employee_id, pay_month, base_salary, bonus, deductions) VALUES (225, 19, '2025-09', 5582.17, 648.46, 430.77);
INSERT INTO fact_payroll (payroll_id, employee_id, pay_month, base_salary, bonus, deductions) VALUES (226, 19, '2025-10', 5582.17, 641.12, 69.61);
INSERT INTO fact_payroll (payroll_id, employee_id, pay_month, base_salary, bonus, deductions) VALUES (227, 19, '2025-11', 5582.17, 865.21, 213.71);
INSERT INTO fact_payroll (payroll_id, employee_id, pay_month, base_salary, bonus, deductions) VALUES (228, 19, '2025-12', 5582.17, 636.88, 349.35);
INSERT INTO fact_payroll (payroll_id, employee_id, pay_month, base_salary, bonus, deductions) VALUES (229, 20, '2025-01', 4735.16, 491.75, 298.11);
INSERT INTO fact_payroll (payroll_id, employee_id, pay_month, base_salary, bonus, deductions) VALUES (230, 20, '2025-02', 4735.16, 165.25, 192.02);
INSERT INTO fact_payroll (payroll_id, employee_id, pay_month, base_salary, bonus, deductions) VALUES (231, 20, '2025-03', 4735.16, 920.21, 442.27);
INSERT INTO fact_payroll (payroll_id, employee_id, pay_month, base_salary, bonus, deductions) VALUES (232, 20, '2025-04', 4735.16, 666.93, 38.44);
INSERT INTO fact_payroll (payroll_id, employee_id, pay_month, base_salary, bonus, deductions) VALUES (233, 20, '2025-05', 4735.16, 360.5, 278.66);
INSERT INTO fact_payroll (payroll_id, employee_id, pay_month, base_salary, bonus, deductions) VALUES (234, 20, '2025-06', 4735.16, 241.73, 137.38);
INSERT INTO fact_payroll (payroll_id, employee_id, pay_month, base_salary, bonus, deductions) VALUES (235, 20, '2025-07', 4735.16, 460.59, 315.97);
INSERT INTO fact_payroll (payroll_id, employee_id, pay_month, base_salary, bonus, deductions) VALUES (236, 20, '2025-08', 4735.16, 231.21, 415.76);
INSERT INTO fact_payroll (payroll_id, employee_id, pay_month, base_salary, bonus, deductions) VALUES (237, 20, '2025-09', 4735.16, 662.23, 397.88);
INSERT INTO fact_payroll (payroll_id, employee_id, pay_month, base_salary, bonus, deductions) VALUES (238, 20, '2025-10', 4735.16, 826.9, 243.21);
INSERT INTO fact_payroll (payroll_id, employee_id, pay_month, base_salary, bonus, deductions) VALUES (239, 20, '2025-11', 4735.16, 558.55, 456.17);
INSERT INTO fact_payroll (payroll_id, employee_id, pay_month, base_salary, bonus, deductions) VALUES (240, 20, '2025-12', 4735.16, 264.63, 358.53);
INSERT INTO fact_payroll (payroll_id, employee_id, pay_month, base_salary, bonus, deductions) VALUES (241, 21, '2025-01', 3663.03, 606.11, 163.37);
INSERT INTO fact_payroll (payroll_id, employee_id, pay_month, base_salary, bonus, deductions) VALUES (242, 21, '2025-02', 3663.03, 79.62, 194.91);
INSERT INTO fact_payroll (payroll_id, employee_id, pay_month, base_salary, bonus, deductions) VALUES (243, 21, '2025-03', 3663.03, 318.46, 266.58);
INSERT INTO fact_payroll (payroll_id, employee_id, pay_month, base_salary, bonus, deductions) VALUES (244, 21, '2025-04', 3663.03, 167.6, 132.23);
INSERT INTO fact_payroll (payroll_id, employee_id, pay_month, base_salary, bonus, deductions) VALUES (245, 21, '2025-05', 3663.03, 129.56, 85.49);
INSERT INTO fact_payroll (payroll_id, employee_id, pay_month, base_salary, bonus, deductions) VALUES (246, 21, '2025-06', 3663.03, 66.27, 90.38);
INSERT INTO fact_payroll (payroll_id, employee_id, pay_month, base_salary, bonus, deductions) VALUES (247, 21, '2025-07', 3663.03, 716.24, 299.61);
INSERT INTO fact_payroll (payroll_id, employee_id, pay_month, base_salary, bonus, deductions) VALUES (248, 21, '2025-08', 3663.03, 234.84, 34.67);
INSERT INTO fact_payroll (payroll_id, employee_id, pay_month, base_salary, bonus, deductions) VALUES (249, 21, '2025-09', 3663.03, 495.85, 180.09);
INSERT INTO fact_payroll (payroll_id, employee_id, pay_month, base_salary, bonus, deductions) VALUES (250, 21, '2025-10', 3663.03, 161.91, 165.03);
INSERT INTO fact_payroll (payroll_id, employee_id, pay_month, base_salary, bonus, deductions) VALUES (251, 21, '2025-11', 3663.03, 199.76, 363.79);
INSERT INTO fact_payroll (payroll_id, employee_id, pay_month, base_salary, bonus, deductions) VALUES (252, 21, '2025-12', 3663.03, 476.31, 235.95);
INSERT INTO fact_payroll (payroll_id, employee_id, pay_month, base_salary, bonus, deductions) VALUES (253, 22, '2025-01', 3408.24, 1.83, 60.41);
INSERT INTO fact_payroll (payroll_id, employee_id, pay_month, base_salary, bonus, deductions) VALUES (254, 22, '2025-02', 3408.24, 291.52, 317.49);
INSERT INTO fact_payroll (payroll_id, employee_id, pay_month, base_salary, bonus, deductions) VALUES (255, 22, '2025-03', 3408.24, 350.27, 15.78);
INSERT INTO fact_payroll (payroll_id, employee_id, pay_month, base_salary, bonus, deductions) VALUES (256, 22, '2025-04', 3408.24, 499.52, 326.96);
INSERT INTO fact_payroll (payroll_id, employee_id, pay_month, base_salary, bonus, deductions) VALUES (257, 22, '2025-05', 3408.24, 560.23, 105.3);
INSERT INTO fact_payroll (payroll_id, employee_id, pay_month, base_salary, bonus, deductions) VALUES (258, 22, '2025-06', 3408.24, 277.9, 153.88);
INSERT INTO fact_payroll (payroll_id, employee_id, pay_month, base_salary, bonus, deductions) VALUES (259, 22, '2025-07', 3408.24, 680.53, 317.84);
INSERT INTO fact_payroll (payroll_id, employee_id, pay_month, base_salary, bonus, deductions) VALUES (260, 22, '2025-08', 3408.24, 623.23, 213.77);
INSERT INTO fact_payroll (payroll_id, employee_id, pay_month, base_salary, bonus, deductions) VALUES (261, 22, '2025-09', 3408.24, 54.67, 322.12);
INSERT INTO fact_payroll (payroll_id, employee_id, pay_month, base_salary, bonus, deductions) VALUES (262, 22, '2025-10', 3408.24, 74.12, 331.49);
INSERT INTO fact_payroll (payroll_id, employee_id, pay_month, base_salary, bonus, deductions) VALUES (263, 22, '2025-11', 3408.24, 360.38, 5.39);
INSERT INTO fact_payroll (payroll_id, employee_id, pay_month, base_salary, bonus, deductions) VALUES (264, 22, '2025-12', 3408.24, 617.19, 299.05);
INSERT INTO fact_payroll (payroll_id, employee_id, pay_month, base_salary, bonus, deductions) VALUES (265, 23, '2025-01', 5949.84, 295.97, 231.86);
INSERT INTO fact_payroll (payroll_id, employee_id, pay_month, base_salary, bonus, deductions) VALUES (266, 23, '2025-02', 5949.84, 841.35, 544.03);
INSERT INTO fact_payroll (payroll_id, employee_id, pay_month, base_salary, bonus, deductions) VALUES (267, 23, '2025-03', 5949.84, 131.82, 464.97);
INSERT INTO fact_payroll (payroll_id, employee_id, pay_month, base_salary, bonus, deductions) VALUES (268, 23, '2025-04', 5949.84, 871.76, 93.27);
INSERT INTO fact_payroll (payroll_id, employee_id, pay_month, base_salary, bonus, deductions) VALUES (269, 23, '2025-05', 5949.84, 1113.4, 127.5);
INSERT INTO fact_payroll (payroll_id, employee_id, pay_month, base_salary, bonus, deductions) VALUES (270, 23, '2025-06', 5949.84, 1124.69, 16.04);
INSERT INTO fact_payroll (payroll_id, employee_id, pay_month, base_salary, bonus, deductions) VALUES (271, 23, '2025-07', 5949.84, 151.78, 540.01);
INSERT INTO fact_payroll (payroll_id, employee_id, pay_month, base_salary, bonus, deductions) VALUES (272, 23, '2025-08', 5949.84, 1000.86, 578.18);
INSERT INTO fact_payroll (payroll_id, employee_id, pay_month, base_salary, bonus, deductions) VALUES (273, 23, '2025-09', 5949.84, 254.49, 152.83);
INSERT INTO fact_payroll (payroll_id, employee_id, pay_month, base_salary, bonus, deductions) VALUES (274, 23, '2025-10', 5949.84, 141.22, 136.5);
INSERT INTO fact_payroll (payroll_id, employee_id, pay_month, base_salary, bonus, deductions) VALUES (275, 23, '2025-11', 5949.84, 1135.67, 466.56);
INSERT INTO fact_payroll (payroll_id, employee_id, pay_month, base_salary, bonus, deductions) VALUES (276, 23, '2025-12', 5949.84, 119.54, 152.82);
INSERT INTO fact_payroll (payroll_id, employee_id, pay_month, base_salary, bonus, deductions) VALUES (277, 24, '2025-01', 6158.9, 704.3, 456.18);
INSERT INTO fact_payroll (payroll_id, employee_id, pay_month, base_salary, bonus, deductions) VALUES (278, 24, '2025-02', 6158.9, 340.13, 346.89);
INSERT INTO fact_payroll (payroll_id, employee_id, pay_month, base_salary, bonus, deductions) VALUES (279, 24, '2025-03', 6158.9, 556.71, 62.43);
INSERT INTO fact_payroll (payroll_id, employee_id, pay_month, base_salary, bonus, deductions) VALUES (280, 24, '2025-04', 6158.9, 117.58, 322.51);
INSERT INTO fact_payroll (payroll_id, employee_id, pay_month, base_salary, bonus, deductions) VALUES (281, 24, '2025-05', 6158.9, 157.35, 352.9);
INSERT INTO fact_payroll (payroll_id, employee_id, pay_month, base_salary, bonus, deductions) VALUES (282, 24, '2025-06', 6158.9, 501.04, 540.48);
INSERT INTO fact_payroll (payroll_id, employee_id, pay_month, base_salary, bonus, deductions) VALUES (283, 24, '2025-07', 6158.9, 1057.91, 402.76);
INSERT INTO fact_payroll (payroll_id, employee_id, pay_month, base_salary, bonus, deductions) VALUES (284, 24, '2025-08', 6158.9, 283.53, 204.4);
INSERT INTO fact_payroll (payroll_id, employee_id, pay_month, base_salary, bonus, deductions) VALUES (285, 24, '2025-09', 6158.9, 994.93, 137.06);
INSERT INTO fact_payroll (payroll_id, employee_id, pay_month, base_salary, bonus, deductions) VALUES (286, 24, '2025-10', 6158.9, 495.31, 19.93);
INSERT INTO fact_payroll (payroll_id, employee_id, pay_month, base_salary, bonus, deductions) VALUES (287, 24, '2025-11', 6158.9, 1188.58, 325.3);
INSERT INTO fact_payroll (payroll_id, employee_id, pay_month, base_salary, bonus, deductions) VALUES (288, 24, '2025-12', 6158.9, 538.57, 45.94);
INSERT INTO fact_payroll (payroll_id, employee_id, pay_month, base_salary, bonus, deductions) VALUES (289, 25, '2025-01', 5020.76, 191.67, 19.35);
INSERT INTO fact_payroll (payroll_id, employee_id, pay_month, base_salary, bonus, deductions) VALUES (290, 25, '2025-02', 5020.76, 211.1, 16.86);
INSERT INTO fact_payroll (payroll_id, employee_id, pay_month, base_salary, bonus, deductions) VALUES (291, 25, '2025-03', 5020.76, 316.99, 270.72);
INSERT INTO fact_payroll (payroll_id, employee_id, pay_month, base_salary, bonus, deductions) VALUES (292, 25, '2025-04', 5020.76, 114.56, 421.1);
INSERT INTO fact_payroll (payroll_id, employee_id, pay_month, base_salary, bonus, deductions) VALUES (293, 25, '2025-05', 5020.76, 357.11, 361.47);
INSERT INTO fact_payroll (payroll_id, employee_id, pay_month, base_salary, bonus, deductions) VALUES (294, 25, '2025-06', 5020.76, 456.96, 470.8);
INSERT INTO fact_payroll (payroll_id, employee_id, pay_month, base_salary, bonus, deductions) VALUES (295, 25, '2025-07', 5020.76, 277.22, 464.16);
INSERT INTO fact_payroll (payroll_id, employee_id, pay_month, base_salary, bonus, deductions) VALUES (296, 25, '2025-08', 5020.76, 203.51, 236.32);
INSERT INTO fact_payroll (payroll_id, employee_id, pay_month, base_salary, bonus, deductions) VALUES (297, 25, '2025-09', 5020.76, 38.92, 312.85);
INSERT INTO fact_payroll (payroll_id, employee_id, pay_month, base_salary, bonus, deductions) VALUES (298, 25, '2025-10', 5020.76, 407.89, 400.86);
INSERT INTO fact_payroll (payroll_id, employee_id, pay_month, base_salary, bonus, deductions) VALUES (299, 25, '2025-11', 5020.76, 933.97, 25.26);
INSERT INTO fact_payroll (payroll_id, employee_id, pay_month, base_salary, bonus, deductions) VALUES (300, 25, '2025-12', 5020.76, 896.52, 182.12);
INSERT INTO fact_payroll (payroll_id, employee_id, pay_month, base_salary, bonus, deductions) VALUES (301, 26, '2025-01', 3838.39, 529.08, 288.14);
INSERT INTO fact_payroll (payroll_id, employee_id, pay_month, base_salary, bonus, deductions) VALUES (302, 26, '2025-02', 3838.39, 275.5, 374.13);
INSERT INTO fact_payroll (payroll_id, employee_id, pay_month, base_salary, bonus, deductions) VALUES (303, 26, '2025-03', 3838.39, 150.51, 355.85);
INSERT INTO fact_payroll (payroll_id, employee_id, pay_month, base_salary, bonus, deductions) VALUES (304, 26, '2025-04', 3838.39, 554.51, 29.12);
INSERT INTO fact_payroll (payroll_id, employee_id, pay_month, base_salary, bonus, deductions) VALUES (305, 26, '2025-05', 3838.39, 400.17, 11.58);
INSERT INTO fact_payroll (payroll_id, employee_id, pay_month, base_salary, bonus, deductions) VALUES (306, 26, '2025-06', 3838.39, 159.1, 194.73);
INSERT INTO fact_payroll (payroll_id, employee_id, pay_month, base_salary, bonus, deductions) VALUES (307, 26, '2025-07', 3838.39, 478.19, 103.46);
INSERT INTO fact_payroll (payroll_id, employee_id, pay_month, base_salary, bonus, deductions) VALUES (308, 26, '2025-08', 3838.39, 697.76, 105.87);
INSERT INTO fact_payroll (payroll_id, employee_id, pay_month, base_salary, bonus, deductions) VALUES (309, 26, '2025-09', 3838.39, 492.65, 138.0);
INSERT INTO fact_payroll (payroll_id, employee_id, pay_month, base_salary, bonus, deductions) VALUES (310, 26, '2025-10', 3838.39, 0.35, 187.4);
INSERT INTO fact_payroll (payroll_id, employee_id, pay_month, base_salary, bonus, deductions) VALUES (311, 26, '2025-11', 3838.39, 545.17, 243.98);
INSERT INTO fact_payroll (payroll_id, employee_id, pay_month, base_salary, bonus, deductions) VALUES (312, 26, '2025-12', 3838.39, 766.33, 96.54);
INSERT INTO fact_payroll (payroll_id, employee_id, pay_month, base_salary, bonus, deductions) VALUES (313, 27, '2025-01', 6013.31, 288.35, 305.96);
INSERT INTO fact_payroll (payroll_id, employee_id, pay_month, base_salary, bonus, deductions) VALUES (314, 27, '2025-02', 6013.31, 516.55, 472.67);
INSERT INTO fact_payroll (payroll_id, employee_id, pay_month, base_salary, bonus, deductions) VALUES (315, 27, '2025-03', 6013.31, 715.01, 358.6);
INSERT INTO fact_payroll (payroll_id, employee_id, pay_month, base_salary, bonus, deductions) VALUES (316, 27, '2025-04', 6013.31, 292.63, 161.9);
INSERT INTO fact_payroll (payroll_id, employee_id, pay_month, base_salary, bonus, deductions) VALUES (317, 27, '2025-05', 6013.31, 1040.84, 383.48);
INSERT INTO fact_payroll (payroll_id, employee_id, pay_month, base_salary, bonus, deductions) VALUES (318, 27, '2025-06', 6013.31, 832.85, 403.4);
INSERT INTO fact_payroll (payroll_id, employee_id, pay_month, base_salary, bonus, deductions) VALUES (319, 27, '2025-07', 6013.31, 1032.14, 80.2);
INSERT INTO fact_payroll (payroll_id, employee_id, pay_month, base_salary, bonus, deductions) VALUES (320, 27, '2025-08', 6013.31, 721.36, 594.66);
INSERT INTO fact_payroll (payroll_id, employee_id, pay_month, base_salary, bonus, deductions) VALUES (321, 27, '2025-09', 6013.31, 1125.07, 549.8);
INSERT INTO fact_payroll (payroll_id, employee_id, pay_month, base_salary, bonus, deductions) VALUES (322, 27, '2025-10', 6013.31, 55.5, 410.88);
INSERT INTO fact_payroll (payroll_id, employee_id, pay_month, base_salary, bonus, deductions) VALUES (323, 27, '2025-11', 6013.31, 917.85, 35.31);
INSERT INTO fact_payroll (payroll_id, employee_id, pay_month, base_salary, bonus, deductions) VALUES (324, 27, '2025-12', 6013.31, 281.47, 487.22);
INSERT INTO fact_payroll (payroll_id, employee_id, pay_month, base_salary, bonus, deductions) VALUES (325, 28, '2025-01', 6686.39, 271.01, 90.66);
INSERT INTO fact_payroll (payroll_id, employee_id, pay_month, base_salary, bonus, deductions) VALUES (326, 28, '2025-02', 6686.39, 842.59, 206.29);
INSERT INTO fact_payroll (payroll_id, employee_id, pay_month, base_salary, bonus, deductions) VALUES (327, 28, '2025-03', 6686.39, 872.41, 435.34);
INSERT INTO fact_payroll (payroll_id, employee_id, pay_month, base_salary, bonus, deductions) VALUES (328, 28, '2025-04', 6686.39, 697.11, 24.35);
INSERT INTO fact_payroll (payroll_id, employee_id, pay_month, base_salary, bonus, deductions) VALUES (329, 28, '2025-05', 6686.39, 233.58, 414.83);
INSERT INTO fact_payroll (payroll_id, employee_id, pay_month, base_salary, bonus, deductions) VALUES (330, 28, '2025-06', 6686.39, 918.65, 481.45);
INSERT INTO fact_payroll (payroll_id, employee_id, pay_month, base_salary, bonus, deductions) VALUES (331, 28, '2025-07', 6686.39, 843.74, 398.27);
INSERT INTO fact_payroll (payroll_id, employee_id, pay_month, base_salary, bonus, deductions) VALUES (332, 28, '2025-08', 6686.39, 517.54, 667.87);
INSERT INTO fact_payroll (payroll_id, employee_id, pay_month, base_salary, bonus, deductions) VALUES (333, 28, '2025-09', 6686.39, 327.75, 534.56);
INSERT INTO fact_payroll (payroll_id, employee_id, pay_month, base_salary, bonus, deductions) VALUES (334, 28, '2025-10', 6686.39, 474.77, 444.06);
INSERT INTO fact_payroll (payroll_id, employee_id, pay_month, base_salary, bonus, deductions) VALUES (335, 28, '2025-11', 6686.39, 548.06, 151.61);
INSERT INTO fact_payroll (payroll_id, employee_id, pay_month, base_salary, bonus, deductions) VALUES (336, 28, '2025-12', 6686.39, 199.96, 46.03);
INSERT INTO fact_payroll (payroll_id, employee_id, pay_month, base_salary, bonus, deductions) VALUES (337, 29, '2025-01', 5441.73, 235.13, 252.26);
INSERT INTO fact_payroll (payroll_id, employee_id, pay_month, base_salary, bonus, deductions) VALUES (338, 29, '2025-02', 5441.73, 102.98, 327.64);
INSERT INTO fact_payroll (payroll_id, employee_id, pay_month, base_salary, bonus, deductions) VALUES (339, 29, '2025-03', 5441.73, 112.67, 513.22);
INSERT INTO fact_payroll (payroll_id, employee_id, pay_month, base_salary, bonus, deductions) VALUES (340, 29, '2025-04', 5441.73, 97.19, 284.68);
INSERT INTO fact_payroll (payroll_id, employee_id, pay_month, base_salary, bonus, deductions) VALUES (341, 29, '2025-05', 5441.73, 419.61, 112.83);
INSERT INTO fact_payroll (payroll_id, employee_id, pay_month, base_salary, bonus, deductions) VALUES (342, 29, '2025-06', 5441.73, 374.84, 303.74);
INSERT INTO fact_payroll (payroll_id, employee_id, pay_month, base_salary, bonus, deductions) VALUES (343, 29, '2025-07', 5441.73, 964.67, 340.63);
INSERT INTO fact_payroll (payroll_id, employee_id, pay_month, base_salary, bonus, deductions) VALUES (344, 29, '2025-08', 5441.73, 782.79, 492.55);
INSERT INTO fact_payroll (payroll_id, employee_id, pay_month, base_salary, bonus, deductions) VALUES (345, 29, '2025-09', 5441.73, 982.96, 49.37);
INSERT INTO fact_payroll (payroll_id, employee_id, pay_month, base_salary, bonus, deductions) VALUES (346, 29, '2025-10', 5441.73, 239.95, 300.23);
INSERT INTO fact_payroll (payroll_id, employee_id, pay_month, base_salary, bonus, deductions) VALUES (347, 29, '2025-11', 5441.73, 1060.15, 169.8);
INSERT INTO fact_payroll (payroll_id, employee_id, pay_month, base_salary, bonus, deductions) VALUES (348, 29, '2025-12', 5441.73, 545.8, 488.64);
INSERT INTO fact_payroll (payroll_id, employee_id, pay_month, base_salary, bonus, deductions) VALUES (349, 30, '2025-01', 7142.56, 1205.83, 609.22);
INSERT INTO fact_payroll (payroll_id, employee_id, pay_month, base_salary, bonus, deductions) VALUES (350, 30, '2025-02', 7142.56, 75.27, 153.63);
INSERT INTO fact_payroll (payroll_id, employee_id, pay_month, base_salary, bonus, deductions) VALUES (351, 30, '2025-03', 7142.56, 956.66, 601.35);
INSERT INTO fact_payroll (payroll_id, employee_id, pay_month, base_salary, bonus, deductions) VALUES (352, 30, '2025-04', 7142.56, 839.94, 223.8);
INSERT INTO fact_payroll (payroll_id, employee_id, pay_month, base_salary, bonus, deductions) VALUES (353, 30, '2025-05', 7142.56, 889.32, 373.35);
INSERT INTO fact_payroll (payroll_id, employee_id, pay_month, base_salary, bonus, deductions) VALUES (354, 30, '2025-06', 7142.56, 544.02, 372.37);
INSERT INTO fact_payroll (payroll_id, employee_id, pay_month, base_salary, bonus, deductions) VALUES (355, 30, '2025-07', 7142.56, 190.26, 87.27);
INSERT INTO fact_payroll (payroll_id, employee_id, pay_month, base_salary, bonus, deductions) VALUES (356, 30, '2025-08', 7142.56, 992.97, 309.5);
INSERT INTO fact_payroll (payroll_id, employee_id, pay_month, base_salary, bonus, deductions) VALUES (357, 30, '2025-09', 7142.56, 901.76, 604.41);
INSERT INTO fact_payroll (payroll_id, employee_id, pay_month, base_salary, bonus, deductions) VALUES (358, 30, '2025-10', 7142.56, 344.67, 596.21);
INSERT INTO fact_payroll (payroll_id, employee_id, pay_month, base_salary, bonus, deductions) VALUES (359, 30, '2025-11', 7142.56, 59.66, 128.36);
INSERT INTO fact_payroll (payroll_id, employee_id, pay_month, base_salary, bonus, deductions) VALUES (360, 30, '2025-12', 7142.56, 1171.04, 660.87);

-- INSERT INTO fact_expenses
INSERT INTO fact_expenses (expense_id, department_id, employee_id, expense_date, category, amount) VALUES (1, 4, 15, '2025-07-02', 'Travel', 321.87);
INSERT INTO fact_expenses (expense_id, department_id, employee_id, expense_date, category, amount) VALUES (2, 4, 24, '2025-07-02', 'Travel', 626.7);
INSERT INTO fact_expenses (expense_id, department_id, employee_id, expense_date, category, amount) VALUES (3, 5, 10, '2025-07-02', 'Training', 703.64);
INSERT INTO fact_expenses (expense_id, department_id, employee_id, expense_date, category, amount) VALUES (4, 5, 10, '2025-07-02', 'Supplies', 936.71);
INSERT INTO fact_expenses (expense_id, department_id, employee_id, expense_date, category, amount) VALUES (5, 4, 24, '2025-07-02', 'Training', 958.93);
INSERT INTO fact_expenses (expense_id, department_id, employee_id, expense_date, category, amount) VALUES (6, 2, 28, '2025-07-02', 'Entertainment', 231.1);
INSERT INTO fact_expenses (expense_id, department_id, employee_id, expense_date, category, amount) VALUES (7, 5, 21, '2025-07-02', 'Supplies', 344.71);
INSERT INTO fact_expenses (expense_id, department_id, employee_id, expense_date, category, amount) VALUES (8, 2, 7, '2025-07-02', 'Travel', 835.63);
INSERT INTO fact_expenses (expense_id, department_id, employee_id, expense_date, category, amount) VALUES (9, 5, 10, '2025-07-02', 'Supplies', 248.15);
INSERT INTO fact_expenses (expense_id, department_id, employee_id, expense_date, category, amount) VALUES (10, 5, 14, '2025-07-02', 'Travel', 523.95);
INSERT INTO fact_expenses (expense_id, department_id, employee_id, expense_date, category, amount) VALUES (11, 5, 14, '2025-07-02', 'Supplies', 563.95);
INSERT INTO fact_expenses (expense_id, department_id, employee_id, expense_date, category, amount) VALUES (12, 1, 22, '2025-07-02', 'Travel', 79.92);
INSERT INTO fact_expenses (expense_id, department_id, employee_id, expense_date, category, amount) VALUES (13, 1, 27, '2025-07-02', 'Supplies', 637.01);
INSERT INTO fact_expenses (expense_id, department_id, employee_id, expense_date, category, amount) VALUES (14, 5, 18, '2025-07-02', 'Training', 954.0);
INSERT INTO fact_expenses (expense_id, department_id, employee_id, expense_date, category, amount) VALUES (15, 5, 23, '2025-07-02', 'Supplies', 433.04);
INSERT INTO fact_expenses (expense_id, department_id, employee_id, expense_date, category, amount) VALUES (16, 5, 23, '2025-07-02', 'Travel', 660.76);
INSERT INTO fact_expenses (expense_id, department_id, employee_id, expense_date, category, amount) VALUES (17, 1, 11, '2025-07-02', 'Training', 372.78);
INSERT INTO fact_expenses (expense_id, department_id, employee_id, expense_date, category, amount) VALUES (18, 1, 30, '2025-07-02', 'Travel', 759.56);
INSERT INTO fact_expenses (expense_id, department_id, employee_id, expense_date, category, amount) VALUES (19, 2, 7, '2025-07-02', 'Training', 891.54);
INSERT INTO fact_expenses (expense_id, department_id, employee_id, expense_date, category, amount) VALUES (20, 5, 6, '2025-07-02', 'Supplies', 773.82);
INSERT INTO fact_expenses (expense_id, department_id, employee_id, expense_date, category, amount) VALUES (21, 5, 26, '2025-07-02', 'Entertainment', 590.46);
INSERT INTO fact_expenses (expense_id, department_id, employee_id, expense_date, category, amount) VALUES (22, 1, 4, '2025-07-02', 'Training', 948.93);
INSERT INTO fact_expenses (expense_id, department_id, employee_id, expense_date, category, amount) VALUES (23, 5, 26, '2025-07-02', 'Training', 255.72);
INSERT INTO fact_expenses (expense_id, department_id, employee_id, expense_date, category, amount) VALUES (24, 2, 20, '2025-07-02', 'Travel', 193.98);
INSERT INTO fact_expenses (expense_id, department_id, employee_id, expense_date, category, amount) VALUES (25, 2, 9, '2025-07-02', 'Training', 64.95);
INSERT INTO fact_expenses (expense_id, department_id, employee_id, expense_date, category, amount) VALUES (26, 5, 23, '2025-07-02', 'Training', 839.13);
INSERT INTO fact_expenses (expense_id, department_id, employee_id, expense_date, category, amount) VALUES (27, 5, 18, '2025-07-02', 'Travel', 359.78);
INSERT INTO fact_expenses (expense_id, department_id, employee_id, expense_date, category, amount) VALUES (28, 5, 26, '2025-07-02', 'Training', 599.61);
INSERT INTO fact_expenses (expense_id, department_id, employee_id, expense_date, category, amount) VALUES (29, 4, 15, '2025-07-02', 'Entertainment', 585.44);
INSERT INTO fact_expenses (expense_id, department_id, employee_id, expense_date, category, amount) VALUES (30, 4, 24, '2025-07-02', 'Supplies', 810.24);
INSERT INTO fact_expenses (expense_id, department_id, employee_id, expense_date, category, amount) VALUES (31, 5, 29, '2025-07-02', 'Travel', 894.48);
INSERT INTO fact_expenses (expense_id, department_id, employee_id, expense_date, category, amount) VALUES (32, 3, 8, '2025-07-02', 'Travel', 257.69);
INSERT INTO fact_expenses (expense_id, department_id, employee_id, expense_date, category, amount) VALUES (33, 5, 29, '2025-07-02', 'Travel', 260.74);
INSERT INTO fact_expenses (expense_id, department_id, employee_id, expense_date, category, amount) VALUES (34, 1, 11, '2025-07-02', 'Travel', 444.35);
INSERT INTO fact_expenses (expense_id, department_id, employee_id, expense_date, category, amount) VALUES (35, 5, 23, '2025-07-02', 'Training', 266.21);
INSERT INTO fact_expenses (expense_id, department_id, employee_id, expense_date, category, amount) VALUES (36, 2, 5, '2025-07-02', 'Training', 966.98);
INSERT INTO fact_expenses (expense_id, department_id, employee_id, expense_date, category, amount) VALUES (37, 3, 8, '2025-07-02', 'Travel', 205.06);
INSERT INTO fact_expenses (expense_id, department_id, employee_id, expense_date, category, amount) VALUES (38, 1, 19, '2025-07-02', 'Travel', 950.58);
INSERT INTO fact_expenses (expense_id, department_id, employee_id, expense_date, category, amount) VALUES (39, 1, 3, '2025-07-02', 'Travel', 192.89);
INSERT INTO fact_expenses (expense_id, department_id, employee_id, expense_date, category, amount) VALUES (40, 2, 20, '2025-07-02', 'Supplies', 682.88);
INSERT INTO fact_expenses (expense_id, department_id, employee_id, expense_date, category, amount) VALUES (41, 1, 3, '2025-07-02', 'Travel', 505.98);
INSERT INTO fact_expenses (expense_id, department_id, employee_id, expense_date, category, amount) VALUES (42, 2, 5, '2025-07-02', 'Training', 147.61);
INSERT INTO fact_expenses (expense_id, department_id, employee_id, expense_date, category, amount) VALUES (43, 1, 4, '2025-07-02', 'Training', 687.31);
INSERT INTO fact_expenses (expense_id, department_id, employee_id, expense_date, category, amount) VALUES (44, 1, 27, '2025-07-02', 'Supplies', 979.15);
INSERT INTO fact_expenses (expense_id, department_id, employee_id, expense_date, category, amount) VALUES (45, 5, 29, '2025-07-02', 'Travel', 636.9);
INSERT INTO fact_expenses (expense_id, department_id, employee_id, expense_date, category, amount) VALUES (46, 5, 23, '2025-07-02', 'Travel', 794.12);
INSERT INTO fact_expenses (expense_id, department_id, employee_id, expense_date, category, amount) VALUES (47, 1, 11, '2025-07-02', 'Travel', 785.61);
INSERT INTO fact_expenses (expense_id, department_id, employee_id, expense_date, category, amount) VALUES (48, 4, 25, '2025-07-02', 'Supplies', 356.97);
INSERT INTO fact_expenses (expense_id, department_id, employee_id, expense_date, category, amount) VALUES (49, 2, 20, '2025-07-02', 'Travel', 764.16);
INSERT INTO fact_expenses (expense_id, department_id, employee_id, expense_date, category, amount) VALUES (50, 5, 23, '2025-07-02', 'Training', 290.06);
INSERT INTO fact_expenses (expense_id, department_id, employee_id, expense_date, category, amount) VALUES (51, 1, 4, '2025-07-02', 'Entertainment', 372.74);
INSERT INTO fact_expenses (expense_id, department_id, employee_id, expense_date, category, amount) VALUES (52, 2, 20, '2025-07-02', 'Travel', 297.2);
INSERT INTO fact_expenses (expense_id, department_id, employee_id, expense_date, category, amount) VALUES (53, 2, 7, '2025-07-02', 'Entertainment', 347.73);
INSERT INTO fact_expenses (expense_id, department_id, employee_id, expense_date, category, amount) VALUES (54, 5, 23, '2025-07-02', 'Travel', 157.11);
INSERT INTO fact_expenses (expense_id, department_id, employee_id, expense_date, category, amount) VALUES (55, 3, 13, '2025-07-02', 'Supplies', 111.53);
INSERT INTO fact_expenses (expense_id, department_id, employee_id, expense_date, category, amount) VALUES (56, 4, 24, '2025-07-02', 'Travel', 678.76);
INSERT INTO fact_expenses (expense_id, department_id, employee_id, expense_date, category, amount) VALUES (57, 5, 10, '2025-07-02', 'Entertainment', 504.91);
INSERT INTO fact_expenses (expense_id, department_id, employee_id, expense_date, category, amount) VALUES (58, 2, 20, '2025-07-02', 'Travel', 847.77);
INSERT INTO fact_expenses (expense_id, department_id, employee_id, expense_date, category, amount) VALUES (59, 1, 11, '2025-07-02', 'Supplies', 994.83);
INSERT INTO fact_expenses (expense_id, department_id, employee_id, expense_date, category, amount) VALUES (60, 5, 6, '2025-07-02', 'Supplies', 812.5);
INSERT INTO fact_expenses (expense_id, department_id, employee_id, expense_date, category, amount) VALUES (61, 2, 28, '2025-07-02', 'Travel', 748.49);
INSERT INTO fact_expenses (expense_id, department_id, employee_id, expense_date, category, amount) VALUES (62, 5, 10, '2025-07-02', 'Supplies', 579.31);
INSERT INTO fact_expenses (expense_id, department_id, employee_id, expense_date, category, amount) VALUES (63, 3, 8, '2025-07-02', 'Entertainment', 757.73);
INSERT INTO fact_expenses (expense_id, department_id, employee_id, expense_date, category, amount) VALUES (64, 5, 29, '2025-07-02', 'Travel', 597.96);
INSERT INTO fact_expenses (expense_id, department_id, employee_id, expense_date, category, amount) VALUES (65, 3, 12, '2025-07-02', 'Entertainment', 830.09);
INSERT INTO fact_expenses (expense_id, department_id, employee_id, expense_date, category, amount) VALUES (66, 1, 4, '2025-07-02', 'Entertainment', 965.9);
INSERT INTO fact_expenses (expense_id, department_id, employee_id, expense_date, category, amount) VALUES (67, 5, 6, '2025-07-02', 'Travel', 485.63);
INSERT INTO fact_expenses (expense_id, department_id, employee_id, expense_date, category, amount) VALUES (68, 1, 3, '2025-07-02', 'Entertainment', 844.32);
INSERT INTO fact_expenses (expense_id, department_id, employee_id, expense_date, category, amount) VALUES (69, 2, 7, '2025-07-02', 'Travel', 548.13);
INSERT INTO fact_expenses (expense_id, department_id, employee_id, expense_date, category, amount) VALUES (70, 1, 4, '2025-07-02', 'Travel', 894.43);
INSERT INTO fact_expenses (expense_id, department_id, employee_id, expense_date, category, amount) VALUES (71, 4, 25, '2025-07-02', 'Travel', 557.57);
INSERT INTO fact_expenses (expense_id, department_id, employee_id, expense_date, category, amount) VALUES (72, 2, 17, '2025-07-02', 'Supplies', 844.94);
INSERT INTO fact_expenses (expense_id, department_id, employee_id, expense_date, category, amount) VALUES (73, 5, 6, '2025-07-02', 'Training', 247.2);
INSERT INTO fact_expenses (expense_id, department_id, employee_id, expense_date, category, amount) VALUES (74, 2, 7, '2025-07-02', 'Travel', 299.93);
INSERT INTO fact_expenses (expense_id, department_id, employee_id, expense_date, category, amount) VALUES (75, 1, 4, '2025-07-02', 'Training', 200.77);
INSERT INTO fact_expenses (expense_id, department_id, employee_id, expense_date, category, amount) VALUES (76, 5, 18, '2025-07-02', 'Travel', 356.57);
INSERT INTO fact_expenses (expense_id, department_id, employee_id, expense_date, category, amount) VALUES (77, 5, 18, '2025-07-02', 'Entertainment', 727.89);
INSERT INTO fact_expenses (expense_id, department_id, employee_id, expense_date, category, amount) VALUES (78, 2, 9, '2025-07-02', 'Training', 303.94);
INSERT INTO fact_expenses (expense_id, department_id, employee_id, expense_date, category, amount) VALUES (79, 2, 5, '2025-07-02', 'Travel', 736.4);
INSERT INTO fact_expenses (expense_id, department_id, employee_id, expense_date, category, amount) VALUES (80, 5, 29, '2025-07-02', 'Training', 448.65);
INSERT INTO fact_expenses (expense_id, department_id, employee_id, expense_date, category, amount) VALUES (81, 1, 22, '2025-07-02', 'Supplies', 107.75);
INSERT INTO fact_expenses (expense_id, department_id, employee_id, expense_date, category, amount) VALUES (82, 4, 15, '2025-07-02', 'Supplies', 66.2);
INSERT INTO fact_expenses (expense_id, department_id, employee_id, expense_date, category, amount) VALUES (83, 5, 18, '2025-07-02', 'Travel', 854.46);
INSERT INTO fact_expenses (expense_id, department_id, employee_id, expense_date, category, amount) VALUES (84, 5, 14, '2025-07-02', 'Training', 147.41);
INSERT INTO fact_expenses (expense_id, department_id, employee_id, expense_date, category, amount) VALUES (85, 2, 1, '2025-07-02', 'Supplies', 583.62);
INSERT INTO fact_expenses (expense_id, department_id, employee_id, expense_date, category, amount) VALUES (86, 1, 22, '2025-07-02', 'Entertainment', 739.75);
INSERT INTO fact_expenses (expense_id, department_id, employee_id, expense_date, category, amount) VALUES (87, 5, 6, '2025-07-02', 'Travel', 747.06);
INSERT INTO fact_expenses (expense_id, department_id, employee_id, expense_date, category, amount) VALUES (88, 5, 18, '2025-07-02', 'Supplies', 513.44);
INSERT INTO fact_expenses (expense_id, department_id, employee_id, expense_date, category, amount) VALUES (89, 2, 7, '2025-07-02', 'Travel', 352.1);
INSERT INTO fact_expenses (expense_id, department_id, employee_id, expense_date, category, amount) VALUES (90, 5, 26, '2025-07-02', 'Training', 359.39);
INSERT INTO fact_expenses (expense_id, department_id, employee_id, expense_date, category, amount) VALUES (91, 2, 1, '2025-07-02', 'Travel', 593.0);
INSERT INTO fact_expenses (expense_id, department_id, employee_id, expense_date, category, amount) VALUES (92, 4, 15, '2025-07-02', 'Supplies', 183.92);
INSERT INTO fact_expenses (expense_id, department_id, employee_id, expense_date, category, amount) VALUES (93, 3, 12, '2025-07-02', 'Travel', 419.78);
INSERT INTO fact_expenses (expense_id, department_id, employee_id, expense_date, category, amount) VALUES (94, 1, 4, '2025-07-02', 'Supplies', 713.61);
INSERT INTO fact_expenses (expense_id, department_id, employee_id, expense_date, category, amount) VALUES (95, 1, 11, '2025-07-02', 'Supplies', 283.11);
INSERT INTO fact_expenses (expense_id, department_id, employee_id, expense_date, category, amount) VALUES (96, 4, 25, '2025-07-02', 'Entertainment', 402.89);
INSERT INTO fact_expenses (expense_id, department_id, employee_id, expense_date, category, amount) VALUES (97, 2, 9, '2025-07-02', 'Supplies', 232.33);
INSERT INTO fact_expenses (expense_id, department_id, employee_id, expense_date, category, amount) VALUES (98, 1, 22, '2025-07-02', 'Supplies', 789.97);
INSERT INTO fact_expenses (expense_id, department_id, employee_id, expense_date, category, amount) VALUES (99, 1, 4, '2025-07-02', 'Entertainment', 900.16);
INSERT INTO fact_expenses (expense_id, department_id, employee_id, expense_date, category, amount) VALUES (100, 5, 18, '2025-07-02', 'Training', 541.66);
